song_id,user_id,timestamp,duration_sec,title,artist,genre,mood
S0037,U002,2025-03-30T18:17:42.000Z,71,Yet crime,Brandon Farley,Classical,Energetic
S0025,U072,2025-03-30T00:50:59.000Z,225,Husband professor through,Debra Rodriguez,Pop,Sad
S0016,U035,2025-03-29T05:27:18.000Z,198,Structure reveal former,Jeffrey Wolfe,Pop,Energetic
S0007,U045,2025-04-03T09:48:54.000Z,251,Could bring official,Monica Butler,Rock,Chill
S0021,U071,2025-04-05T17:31:04.000Z,155,Country special law,Heidi Davis,Pop,Energetic
S0027,U092,2025-03-31T21:38:45.000Z,57,Reach,Richard Jensen,Classical,Happy
S0021,U095,2025-04-05T14:33:48.000Z,118,Country special law,Heidi Davis,Pop,Energetic
S0047,U053,2025-03-31T10:43:00.000Z,115,Serve rich expert,Collin Luna,Pop,Happy
S0030,U026,2025-04-09T12:25:07.000Z,65,Create window,Richard Rivera,Pop,Sad
S0029,U051,2025-03-29T14:08:54.000Z,282,Seem less,Jared Williamson,HipHop,Sad
S0040,U086,2025-04-03T12:54:37.000Z,268,Subject ever,Paula Roberts,Rock,Energetic
S0030,U039,2025-03-29T15:06:50.000Z,216,Create window,Richard Rivera,Pop,Sad
S0035,U100,2025-04-05T17:53:56.000Z,50,Nor TV,Aaron Nguyen,Jazz,Happy
S0047,U082,2025-04-06T09:44:32.000Z,251,Serve rich expert,Collin Luna,Pop,Happy
S0016,U084,2025-03-30T08:20:11.000Z,67,Structure reveal former,Jeffrey Wolfe,Pop,Energetic
S0006,U094,2025-04-08T07:14:32.000Z,246,Tend too cell,Jacqueline Gray,Pop,Sad
S0045,U018,2025-03-28T05:37:01.000Z,148,Official young,Jeremy Mcfarland,Pop,Energetic
S0037,U020,2025-04-10T22:33:36.000Z,274,Yet crime,Brandon Farley,Classical,Energetic
S0013,U078,2025-04-09T04:56:29.000Z,299,Laugh believe although,Edward Hill,Jazz,Energetic
S0033,U088,2025-04-02T01:39:57.000Z,54,Or part idea,Mrs. Kelli Mcfarland,HipHop,Energetic
S0005,U008,2025-04-04T04:37:41.000Z,36,Particular just material,Beverly Adams,Jazz,Sad
S0004,U036,2025-04-08T11:17:46.000Z,263,Doctor notice the,Peter Hernandez,Jazz,Chill
S0018,U089,2025-03-31T21:22:26.000Z,105,Project board process,Jerry Dyer,Classical,Sad
S0046,U071,2025-04-09T09:23:28.000Z,195,Exist heavy,Angela Chandler,Classical,Happy
S0017,U063,2025-04-04T01:13:40.000Z,67,Such bed,Mackenzie Morrow,Classical,Sad
S0038,U093,2025-04-08T10:13:12.000Z,110,Small who,Jacqueline Leach,HipHop,Chill
S0048,U001,2025-03-30T17:19:04.000Z,293,Author them wrong challenge,Juan Fox,Rock,Energetic
S0034,U077,2025-04-04T03:56:16.000Z,41,City cut this,Robert Holmes,Classical,Energetic
S0001,U093,2025-03-31T09:45:34.000Z,108,Democrat really,Kevin Yu,Pop,Energetic
S0021,U034,2025-03-31T22:24:28.000Z,181,Country special law,Heidi Davis,Pop,Energetic
S0047,U034,2025-04-07T10:30:55.000Z,66,Serve rich expert,Collin Luna,Pop,Happy
S0042,U037,2025-04-08T04:00:59.000Z,274,Suggest law,Scott Johns,HipHop,Energetic
S0015,U046,2025-03-30T01:43:46.000Z,174,Foreign somebody road,Bryan Butler,Rock,Chill
S0023,U024,2025-04-10T14:23:58.000Z,185,Success to anyone be,Edward Campbell,Pop,Sad
S0005,U087,2025-04-08T06:29:36.000Z,95,Particular just material,Beverly Adams,Jazz,Sad
S0020,U019,2025-04-02T07:14:51.000Z,159,Two imagine must,Susan Lang,Rock,Happy
S0020,U046,2025-03-31T00:22:06.000Z,45,Two imagine must,Susan Lang,Rock,Happy
S0044,U006,2025-04-08T21:35:23.000Z,130,Bill,Natalie Miller,Rock,Chill
S0020,U043,2025-04-10T13:31:45.000Z,51,Two imagine must,Susan Lang,Rock,Happy
S0027,U061,2025-04-07T08:29:40.000Z,252,Reach,Richard Jensen,Classical,Happy
S0014,U010,2025-03-28T10:04:20.000Z,45,Woman section,Taylor Gray,Pop,Energetic
S0041,U059,2025-04-08T08:50:26.000Z,55,Now brother,Kenneth Morrison,HipHop,Energetic
S0008,U092,2025-03-28T11:04:35.000Z,167,Decade anything woman,Nicholas Patterson,Jazz,Energetic
S0039,U076,2025-04-05T23:55:50.000Z,244,Kid agency,Anna Johnson,Jazz,Sad
S0020,U098,2025-04-04T09:18:22.000Z,128,Two imagine must,Susan Lang,Rock,Happy
S0046,U097,2025-04-04T19:01:27.000Z,106,Exist heavy,Angela Chandler,Classical,Happy
S0030,U056,2025-04-07T11:28:19.000Z,277,Create window,Richard Rivera,Pop,Sad
S0023,U042,2025-04-08T08:02:24.000Z,298,Success to anyone be,Edward Campbell,Pop,Sad
S0019,U076,2025-04-06T11:41:21.000Z,161,Record book,Cheryl Reeves,HipHop,Sad
S0049,U019,2025-04-03T16:02:49.000Z,197,Rich,Marisa Wade,Rock,Energetic
S0012,U050,2025-04-05T01:19:56.000Z,35,Suffer letter,Catherine Davis,Classical,Happy
S0038,U080,2025-04-01T20:12:33.000Z,81,Small who,Jacqueline Leach,HipHop,Chill
S0049,U030,2025-03-31T01:56:37.000Z,278,Rich,Marisa Wade,Rock,Energetic
S0019,U087,2025-04-01T18:45:19.000Z,276,Record book,Cheryl Reeves,HipHop,Sad
S0035,U066,2025-04-02T01:28:07.000Z,175,Nor TV,Aaron Nguyen,Jazz,Happy
S0022,U084,2025-03-30T20:51:54.000Z,299,Identify class,Kelly Vargas,Classical,Sad
S0039,U014,2025-04-02T23:19:06.000Z,194,Kid agency,Anna Johnson,Jazz,Sad
S0022,U077,2025-03-30T10:11:12.000Z,204,Identify class,Kelly Vargas,Classical,Sad
S0026,U060,2025-04-05T00:18:45.000Z,149,Real every,James Cruz,Pop,Chill
S0030,U040,2025-04-06T07:37:25.000Z,174,Create window,Richard Rivera,Pop,Sad
S0018,U009,2025-04-06T11:40:26.000Z,165,Project board process,Jerry Dyer,Classical,Sad
S0048,U056,2025-03-28T08:59:10.000Z,53,Author them wrong challenge,Juan Fox,Rock,Energetic
S0013,U004,2025-04-10T06:55:29.000Z,170,Laugh believe although,Edward Hill,Jazz,Energetic
S0022,U006,2025-03-29T18:06:17.000Z,115,Identify class,Kelly Vargas,Classical,Sad
S0032,U027,2025-03-29T19:09:13.000Z,69,Its push everybody,Anthony Perry,Pop,Energetic
S0008,U044,2025-03-30T21:17:44.000Z,177,Decade anything woman,Nicholas Patterson,Jazz,Energetic
S0033,U049,2025-04-05T16:12:20.000Z,242,Or part idea,Mrs. Kelli Mcfarland,HipHop,Energetic
S0003,U088,2025-04-01T06:24:50.000Z,217,While account,Wendy Mendez,Jazz,Happy
S0032,U013,2025-03-30T02:11:16.000Z,117,Its push everybody,Anthony Perry,Pop,Energetic
S0009,U089,2025-04-10T14:05:34.000Z,36,Its particularly admit provide,Steve Martinez,Classical,Chill
S0020,U098,2025-04-06T10:42:55.000Z,267,Two imagine must,Susan Lang,Rock,Happy
S0019,U079,2025-04-03T15:59:38.000Z,248,Record book,Cheryl Reeves,HipHop,Sad
S0036,U086,2025-04-05T14:46:34.000Z,271,Rise rather even,Angela Hayden,HipHop,Sad
S0001,U098,2025-03-29T16:26:51.000Z,154,Democrat really,Kevin Yu,Pop,Energetic
S0011,U029,2025-04-07T16:41:47.000Z,179,Play coach,Susan Jones,Pop,Happy
S0008,U014,2025-04-01T01:15:16.000Z,99,Decade anything woman,Nicholas Patterson,Jazz,Energetic
S0040,U022,2025-03-30T07:49:34.000Z,240,Subject ever,Paula Roberts,Rock,Energetic
S0004,U047,2025-03-31T19:05:26.000Z,135,Doctor notice the,Peter Hernandez,Jazz,Chill
S0008,U055,2025-04-06T20:50:22.000Z,209,Decade anything woman,Nicholas Patterson,Jazz,Energetic
S0043,U053,2025-04-06T06:57:20.000Z,105,Foreign maintain,Rodney Rodriguez,Classical,Happy
S0012,U030,2025-04-05T02:01:40.000Z,286,Suffer letter,Catherine Davis,Classical,Happy
S0027,U089,2025-04-04T01:35:35.000Z,178,Reach,Richard Jensen,Classical,Happy
S0013,U014,2025-03-31T18:20:46.000Z,34,Laugh believe although,Edward Hill,Jazz,Energetic
S0026,U023,2025-04-09T06:14:17.000Z,207,Real every,James Cruz,Pop,Chill
S0048,U027,2025-03-30T02:08:31.000Z,212,Author them wrong challenge,Juan Fox,Rock,Energetic
S0019,U084,2025-04-09T17:31:31.000Z,262,Record book,Cheryl Reeves,HipHop,Sad
S0040,U071,2025-04-01T16:02:03.000Z,118,Subject ever,Paula Roberts,Rock,Energetic
S0030,U063,2025-03-30T12:35:39.000Z,54,Create window,Richard Rivera,Pop,Sad
S0001,U030,2025-04-05T13:41:03.000Z,142,Democrat really,Kevin Yu,Pop,Energetic
S0002,U011,2025-04-03T20:21:31.000Z,135,Into,Jessica Finley,HipHop,Sad
S0041,U032,2025-04-04T18:01:40.000Z,105,Now brother,Kenneth Morrison,HipHop,Energetic
S0045,U048,2025-03-28T02:33:13.000Z,65,Official young,Jeremy Mcfarland,Pop,Energetic
S0044,U054,2025-04-07T04:51:20.000Z,257,Bill,Natalie Miller,Rock,Chill
S0026,U059,2025-04-08T17:17:14.000Z,122,Real every,James Cruz,Pop,Chill
S0037,U013,2025-04-01T18:48:33.000Z,203,Yet crime,Brandon Farley,Classical,Energetic
S0049,U076,2025-03-30T23:40:18.000Z,71,Rich,Marisa Wade,Rock,Energetic
S0007,U020,2025-04-10T03:51:23.000Z,221,Could bring official,Monica Butler,Rock,Chill
S0037,U084,2025-04-03T19:09:51.000Z,129,Yet crime,Brandon Farley,Classical,Energetic
S0007,U046,2025-04-05T02:11:59.000Z,257,Could bring official,Monica Butler,Rock,Chill
S0042,U007,2025-04-11T00:31:58.000Z,251,Suggest law,Scott Johns,HipHop,Energetic
S0045,U008,2025-04-05T11:10:48.000Z,114,Official young,Jeremy Mcfarland,Pop,Energetic
S0036,U058,2025-03-30T14:11:55.000Z,262,Rise rather even,Angela Hayden,HipHop,Sad
S0043,U097,2025-04-02T06:59:04.000Z,248,Foreign maintain,Rodney Rodriguez,Classical,Happy
S0041,U026,2025-04-03T23:40:36.000Z,213,Now brother,Kenneth Morrison,HipHop,Energetic
S0019,U015,2025-03-30T04:23:30.000Z,297,Record book,Cheryl Reeves,HipHop,Sad
S0007,U023,2025-04-04T16:24:32.000Z,68,Could bring official,Monica Butler,Rock,Chill
S0040,U094,2025-04-04T20:48:34.000Z,163,Subject ever,Paula Roberts,Rock,Energetic
S0022,U032,2025-04-04T07:03:44.000Z,49,Identify class,Kelly Vargas,Classical,Sad
S0035,U090,2025-04-04T10:44:05.000Z,97,Nor TV,Aaron Nguyen,Jazz,Happy
S0003,U031,2025-03-28T18:19:52.000Z,36,While account,Wendy Mendez,Jazz,Happy
S0005,U085,2025-03-28T03:38:37.000Z,137,Particular just material,Beverly Adams,Jazz,Sad
S0023,U049,2025-04-04T01:14:26.000Z,87,Success to anyone be,Edward Campbell,Pop,Sad
S0048,U012,2025-04-10T03:47:50.000Z,129,Author them wrong challenge,Juan Fox,Rock,Energetic
S0048,U050,2025-04-09T18:23:10.000Z,206,Author them wrong challenge,Juan Fox,Rock,Energetic
S0014,U006,2025-04-07T04:50:36.000Z,149,Woman section,Taylor Gray,Pop,Energetic
S0026,U046,2025-04-01T15:49:44.000Z,263,Real every,James Cruz,Pop,Chill
S0032,U075,2025-04-03T23:44:53.000Z,48,Its push everybody,Anthony Perry,Pop,Energetic
S0002,U044,2025-04-04T02:18:48.000Z,174,Into,Jessica Finley,HipHop,Sad
S0022,U013,2025-04-04T10:47:11.000Z,67,Identify class,Kelly Vargas,Classical,Sad
S0009,U002,2025-03-28T02:26:38.000Z,127,Its particularly admit provide,Steve Martinez,Classical,Chill
S0039,U007,2025-03-29T19:07:07.000Z,113,Kid agency,Anna Johnson,Jazz,Sad
S0004,U093,2025-03-28T06:35:54.000Z,276,Doctor notice the,Peter Hernandez,Jazz,Chill
S0033,U063,2025-03-31T19:28:49.000Z,72,Or part idea,Mrs. Kelli Mcfarland,HipHop,Energetic
S0016,U075,2025-04-05T20:50:55.000Z,290,Structure reveal former,Jeffrey Wolfe,Pop,Energetic
S0014,U043,2025-04-04T14:42:05.000Z,107,Woman section,Taylor Gray,Pop,Energetic
S0045,U078,2025-03-30T00:34:40.000Z,293,Official young,Jeremy Mcfarland,Pop,Energetic
S0015,U046,2025-03-31T08:38:34.000Z,240,Foreign somebody road,Bryan Butler,Rock,Chill
S0012,U066,2025-04-01T02:01:07.000Z,235,Suffer letter,Catherine Davis,Classical,Happy
S0050,U042,2025-04-01T09:08:19.000Z,67,Congress left,Kristy Yang,Pop,Chill
S0039,U027,2025-04-08T12:22:06.000Z,30,Kid agency,Anna Johnson,Jazz,Sad
S0040,U039,2025-04-08T04:25:25.000Z,200,Subject ever,Paula Roberts,Rock,Energetic
S0037,U063,2025-04-05T15:05:08.000Z,297,Yet crime,Brandon Farley,Classical,Energetic
S0019,U065,2025-04-02T19:44:40.000Z,252,Record book,Cheryl Reeves,HipHop,Sad
S0016,U026,2025-04-06T16:21:51.000Z,81,Structure reveal former,Jeffrey Wolfe,Pop,Energetic
S0045,U056,2025-04-03T04:01:47.000Z,164,Official young,Jeremy Mcfarland,Pop,Energetic
S0032,U071,2025-04-08T13:18:35.000Z,158,Its push everybody,Anthony Perry,Pop,Energetic
S0021,U030,2025-04-04T15:50:01.000Z,266,Country special law,Heidi Davis,Pop,Energetic
S0026,U052,2025-03-28T03:06:46.000Z,81,Real every,James Cruz,Pop,Chill
S0009,U091,2025-04-10T17:43:28.000Z,86,Its particularly admit provide,Steve Martinez,Classical,Chill
S0030,U042,2025-03-30T08:07:04.000Z,142,Create window,Richard Rivera,Pop,Sad
S0029,U087,2025-04-06T05:24:42.000Z,293,Seem less,Jared Williamson,HipHop,Sad
S0037,U007,2025-04-02T09:03:37.000Z,111,Yet crime,Brandon Farley,Classical,Energetic
S0047,U075,2025-04-01T00:57:41.000Z,273,Serve rich expert,Collin Luna,Pop,Happy
S0030,U073,2025-03-28T05:44:43.000Z,252,Create window,Richard Rivera,Pop,Sad
S0035,U069,2025-03-28T05:05:41.000Z,143,Nor TV,Aaron Nguyen,Jazz,Happy
S0036,U024,2025-04-04T11:47:35.000Z,211,Rise rather even,Angela Hayden,HipHop,Sad
S0050,U085,2025-04-06T03:53:02.000Z,239,Congress left,Kristy Yang,Pop,Chill
S0040,U047,2025-04-02T01:59:34.000Z,155,Subject ever,Paula Roberts,Rock,Energetic
S0050,U090,2025-03-29T08:12:12.000Z,54,Congress left,Kristy Yang,Pop,Chill
S0012,U058,2025-04-02T21:43:28.000Z,286,Suffer letter,Catherine Davis,Classical,Happy
S0049,U058,2025-04-05T14:32:46.000Z,271,Rich,Marisa Wade,Rock,Energetic
S0049,U042,2025-04-03T06:57:59.000Z,275,Rich,Marisa Wade,Rock,Energetic
S0039,U058,2025-03-30T10:13:41.000Z,261,Kid agency,Anna Johnson,Jazz,Sad
S0035,U063,2025-04-02T03:35:43.000Z,273,Nor TV,Aaron Nguyen,Jazz,Happy
S0007,U034,2025-03-29T04:09:17.000Z,255,Could bring official,Monica Butler,Rock,Chill
S0049,U070,2025-03-31T13:36:51.000Z,150,Rich,Marisa Wade,Rock,Energetic
S0016,U055,2025-03-29T03:06:58.000Z,90,Structure reveal former,Jeffrey Wolfe,Pop,Energetic
S0023,U084,2025-04-01T06:32:34.000Z,256,Success to anyone be,Edward Campbell,Pop,Sad
S0002,U066,2025-04-09T11:25:02.000Z,138,Into,Jessica Finley,HipHop,Sad
S0044,U072,2025-04-04T16:46:17.000Z,297,Bill,Natalie Miller,Rock,Chill
S0047,U014,2025-04-02T09:37:29.000Z,299,Serve rich expert,Collin Luna,Pop,Happy
S0008,U013,2025-03-28T06:50:44.000Z,142,Decade anything woman,Nicholas Patterson,Jazz,Energetic
S0042,U084,2025-03-28T22:29:25.000Z,237,Suggest law,Scott Johns,HipHop,Energetic
S0042,U004,2025-03-31T07:23:16.000Z,196,Suggest law,Scott Johns,HipHop,Energetic
S0041,U059,2025-03-30T01:17:23.000Z,176,Now brother,Kenneth Morrison,HipHop,Energetic
S0041,U049,2025-03-28T17:05:13.000Z,81,Now brother,Kenneth Morrison,HipHop,Energetic
S0030,U052,2025-04-07T16:08:58.000Z,173,Create window,Richard Rivera,Pop,Sad
S0035,U041,2025-04-07T22:18:27.000Z,256,Nor TV,Aaron Nguyen,Jazz,Happy
S0041,U001,2025-03-28T10:28:47.000Z,194,Now brother,Kenneth Morrison,HipHop,Energetic
S0014,U012,2025-04-02T08:19:30.000Z,87,Woman section,Taylor Gray,Pop,Energetic
S0008,U016,2025-04-04T07:01:07.000Z,298,Decade anything woman,Nicholas Patterson,Jazz,Energetic
S0013,U022,2025-03-31T19:34:32.000Z,65,Laugh believe although,Edward Hill,Jazz,Energetic
S0010,U008,2025-04-01T17:45:39.000Z,56,Page,Deborah Obrien,Classical,Happy
S0034,U002,2025-04-02T04:30:47.000Z,146,City cut this,Robert Holmes,Classical,Energetic
S0048,U070,2025-04-10T06:31:34.000Z,161,Author them wrong challenge,Juan Fox,Rock,Energetic
S0016,U084,2025-04-05T05:41:28.000Z,209,Structure reveal former,Jeffrey Wolfe,Pop,Energetic
S0044,U098,2025-04-05T23:48:05.000Z,116,Bill,Natalie Miller,Rock,Chill
S0020,U094,2025-03-31T23:28:53.000Z,102,Two imagine must,Susan Lang,Rock,Happy
S0011,U096,2025-04-08T04:45:46.000Z,205,Play coach,Susan Jones,Pop,Happy
S0017,U082,2025-04-06T01:40:25.000Z,61,Such bed,Mackenzie Morrow,Classical,Sad
S0004,U097,2025-03-31T12:53:17.000Z,192,Doctor notice the,Peter Hernandez,Jazz,Chill
S0003,U024,2025-04-07T02:50:42.000Z,190,While account,Wendy Mendez,Jazz,Happy
S0013,U077,2025-03-28T07:29:45.000Z,175,Laugh believe although,Edward Hill,Jazz,Energetic
S0044,U048,2025-03-29T02:14:48.000Z,40,Bill,Natalie Miller,Rock,Chill
S0012,U088,2025-04-03T09:46:13.000Z,263,Suffer letter,Catherine Davis,Classical,Happy
S0044,U059,2025-04-08T07:29:10.000Z,256,Bill,Natalie Miller,Rock,Chill
S0027,U074,2025-04-03T14:17:09.000Z,102,Reach,Richard Jensen,Classical,Happy
S0028,U090,2025-04-04T19:38:43.000Z,115,Perform party civil threat,Laurie Alvarez,Rock,Sad
S0011,U087,2025-04-11T01:07:09.000Z,125,Play coach,Susan Jones,Pop,Happy
S0031,U100,2025-03-28T16:55:03.000Z,164,Work bill,John Henderson,Classical,Happy
S0001,U040,2025-03-28T10:59:23.000Z,249,Democrat really,Kevin Yu,Pop,Energetic
S0005,U079,2025-04-10T01:43:01.000Z,138,Particular just material,Beverly Adams,Jazz,Sad
S0047,U029,2025-04-07T22:25:57.000Z,104,Serve rich expert,Collin Luna,Pop,Happy
S0032,U001,2025-04-01T22:51:36.000Z,216,Its push everybody,Anthony Perry,Pop,Energetic
S0019,U002,2025-03-31T11:33:49.000Z,277,Record book,Cheryl Reeves,HipHop,Sad
S0011,U034,2025-03-30T13:27:06.000Z,173,Play coach,Susan Jones,Pop,Happy
S0006,U099,2025-03-29T18:08:48.000Z,167,Tend too cell,Jacqueline Gray,Pop,Sad
S0014,U080,2025-04-05T21:31:55.000Z,76,Woman section,Taylor Gray,Pop,Energetic
S0049,U009,2025-03-30T00:29:16.000Z,123,Rich,Marisa Wade,Rock,Energetic
S0039,U028,2025-04-06T09:59:13.000Z,56,Kid agency,Anna Johnson,Jazz,Sad
S0024,U072,2025-03-31T21:20:53.000Z,235,Middle know six,Sean Brandt DDS,Pop,Energetic
S0039,U098,2025-04-02T17:39:43.000Z,295,Kid agency,Anna Johnson,Jazz,Sad
S0002,U035,2025-04-08T11:21:37.000Z,256,Into,Jessica Finley,HipHop,Sad
S0038,U018,2025-03-31T10:03:33.000Z,66,Small who,Jacqueline Leach,HipHop,Chill
S0043,U001,2025-04-02T20:15:31.000Z,132,Foreign maintain,Rodney Rodriguez,Classical,Happy
S0007,U050,2025-04-05T07:45:13.000Z,90,Could bring official,Monica Butler,Rock,Chill
S0031,U014,2025-04-06T19:46:35.000Z,31,Work bill,John Henderson,Classical,Happy
S0016,U036,2025-04-08T08:38:11.000Z,117,Structure reveal former,Jeffrey Wolfe,Pop,Energetic
S0042,U094,2025-03-31T12:53:54.000Z,126,Suggest law,Scott Johns,HipHop,Energetic
S0030,U060,2025-04-04T21:39:38.000Z,212,Create window,Richard Rivera,Pop,Sad
S0035,U029,2025-04-09T06:09:44.000Z,55,Nor TV,Aaron Nguyen,Jazz,Happy
S0023,U024,2025-03-31T09:22:31.000Z,141,Success to anyone be,Edward Campbell,Pop,Sad
S0046,U059,2025-04-06T02:34:08.000Z,68,Exist heavy,Angela Chandler,Classical,Happy
S0009,U011,2025-03-29T07:14:00.000Z,262,Its particularly admit provide,Steve Martinez,Classical,Chill
S0010,U061,2025-04-05T19:30:39.000Z,266,Page,Deborah Obrien,Classical,Happy
S0032,U084,2025-03-29T00:28:39.000Z,222,Its push everybody,Anthony Perry,Pop,Energetic
S0037,U057,2025-04-09T15:42:17.000Z,262,Yet crime,Brandon Farley,Classical,Energetic
S0033,U089,2025-04-02T15:40:04.000Z,114,Or part idea,Mrs. Kelli Mcfarland,HipHop,Energetic
S0001,U098,2025-03-31T04:49:09.000Z,159,Democrat really,Kevin Yu,Pop,Energetic
S0022,U070,2025-03-29T16:24:40.000Z,113,Identify class,Kelly Vargas,Classical,Sad
S0003,U076,2025-04-02T10:52:16.000Z,149,While account,Wendy Mendez,Jazz,Happy
S0013,U081,2025-04-09T10:49:22.000Z,251,Laugh believe although,Edward Hill,Jazz,Energetic
S0011,U047,2025-04-04T13:22:00.000Z,258,Play coach,Susan Jones,Pop,Happy
S0037,U083,2025-03-29T22:30:45.000Z,141,Yet crime,Brandon Farley,Classical,Energetic
S0031,U060,2025-04-05T14:10:21.000Z,64,Work bill,John Henderson,Classical,Happy
S0002,U042,2025-04-10T12:28:55.000Z,281,Into,Jessica Finley,HipHop,Sad
S0030,U074,2025-03-29T07:10:21.000Z,251,Create window,Richard Rivera,Pop,Sad
S0031,U051,2025-03-31T11:20:51.000Z,107,Work bill,John Henderson,Classical,Happy
S0014,U075,2025-03-31T08:11:10.000Z,261,Woman section,Taylor Gray,Pop,Energetic
S0043,U081,2025-03-29T21:12:45.000Z,290,Foreign maintain,Rodney Rodriguez,Classical,Happy
S0003,U006,2025-03-28T03:17:03.000Z,97,While account,Wendy Mendez,Jazz,Happy
S0037,U026,2025-04-03T02:55:39.000Z,186,Yet crime,Brandon Farley,Classical,Energetic
S0047,U097,2025-04-10T02:25:32.000Z,217,Serve rich expert,Collin Luna,Pop,Happy
S0017,U069,2025-03-31T23:42:59.000Z,119,Such bed,Mackenzie Morrow,Classical,Sad
S0003,U031,2025-03-28T12:00:04.000Z,118,While account,Wendy Mendez,Jazz,Happy
S0009,U036,2025-03-28T16:15:35.000Z,160,Its particularly admit provide,Steve Martinez,Classical,Chill
S0028,U050,2025-04-05T12:23:55.000Z,257,Perform party civil threat,Laurie Alvarez,Rock,Sad
S0042,U006,2025-04-02T06:42:22.000Z,242,Suggest law,Scott Johns,HipHop,Energetic
S0045,U077,2025-03-30T20:35:40.000Z,212,Official young,Jeremy Mcfarland,Pop,Energetic
S0013,U070,2025-03-29T19:39:43.000Z,210,Laugh believe although,Edward Hill,Jazz,Energetic
S0005,U038,2025-04-09T11:46:07.000Z,187,Particular just material,Beverly Adams,Jazz,Sad
S0046,U033,2025-04-02T18:41:32.000Z,274,Exist heavy,Angela Chandler,Classical,Happy
S0047,U041,2025-04-05T04:49:33.000Z,250,Serve rich expert,Collin Luna,Pop,Happy
S0037,U036,2025-03-28T03:27:21.000Z,168,Yet crime,Brandon Farley,Classical,Energetic
S0046,U052,2025-04-01T17:51:37.000Z,298,Exist heavy,Angela Chandler,Classical,Happy
S0031,U054,2025-04-04T20:25:50.000Z,198,Work bill,John Henderson,Classical,Happy
S0024,U021,2025-04-03T04:29:24.000Z,109,Middle know six,Sean Brandt DDS,Pop,Energetic
S0042,U006,2025-04-09T13:58:26.000Z,207,Suggest law,Scott Johns,HipHop,Energetic
S0034,U063,2025-04-06T19:26:26.000Z,171,City cut this,Robert Holmes,Classical,Energetic
S0031,U026,2025-04-01T05:51:40.000Z,182,Work bill,John Henderson,Classical,Happy
S0010,U053,2025-04-08T22:09:48.000Z,155,Page,Deborah Obrien,Classical,Happy
S0047,U034,2025-03-30T11:17:07.000Z,33,Serve rich expert,Collin Luna,Pop,Happy
S0012,U096,2025-04-08T23:19:12.000Z,36,Suffer letter,Catherine Davis,Classical,Happy
S0007,U071,2025-03-29T21:59:47.000Z,202,Could bring official,Monica Butler,Rock,Chill
S0010,U041,2025-04-08T17:26:27.000Z,108,Page,Deborah Obrien,Classical,Happy
S0031,U011,2025-04-01T01:16:41.000Z,196,Work bill,John Henderson,Classical,Happy
S0003,U098,2025-04-05T01:25:05.000Z,111,While account,Wendy Mendez,Jazz,Happy
S0022,U085,2025-04-02T05:23:29.000Z,298,Identify class,Kelly Vargas,Classical,Sad
S0027,U058,2025-04-02T09:56:33.000Z,168,Reach,Richard Jensen,Classical,Happy
S0005,U060,2025-04-05T17:11:53.000Z,289,Particular just material,Beverly Adams,Jazz,Sad
S0020,U044,2025-04-10T04:24:21.000Z,158,Two imagine must,Susan Lang,Rock,Happy
S0008,U054,2025-04-07T05:41:34.000Z,203,Decade anything woman,Nicholas Patterson,Jazz,Energetic
S0026,U047,2025-04-01T03:15:10.000Z,179,Real every,James Cruz,Pop,Chill
S0020,U019,2025-04-09T15:04:08.000Z,256,Two imagine must,Susan Lang,Rock,Happy
S0003,U097,2025-03-28T22:59:16.000Z,300,While account,Wendy Mendez,Jazz,Happy
S0003,U071,2025-03-28T15:57:26.000Z,245,While account,Wendy Mendez,Jazz,Happy
S0027,U053,2025-04-07T09:25:48.000Z,55,Reach,Richard Jensen,Classical,Happy
S0023,U033,2025-04-05T17:43:40.000Z,118,Success to anyone be,Edward Campbell,Pop,Sad
S0050,U025,2025-04-04T20:16:09.000Z,172,Congress left,Kristy Yang,Pop,Chill
S0024,U088,2025-03-31T07:51:58.000Z,207,Middle know six,Sean Brandt DDS,Pop,Energetic
S0019,U062,2025-03-28T14:50:17.000Z,182,Record book,Cheryl Reeves,HipHop,Sad
S0039,U097,2025-04-07T01:19:00.000Z,142,Kid agency,Anna Johnson,Jazz,Sad
S0008,U074,2025-04-06T07:42:45.000Z,241,Decade anything woman,Nicholas Patterson,Jazz,Energetic
S0003,U040,2025-04-05T01:19:44.000Z,55,While account,Wendy Mendez,Jazz,Happy
S0017,U086,2025-04-04T00:53:58.000Z,98,Such bed,Mackenzie Morrow,Classical,Sad
S0030,U094,2025-04-05T17:46:31.000Z,36,Create window,Richard Rivera,Pop,Sad
S0017,U059,2025-04-08T11:44:03.000Z,238,Such bed,Mackenzie Morrow,Classical,Sad
S0043,U061,2025-03-30T00:39:24.000Z,144,Foreign maintain,Rodney Rodriguez,Classical,Happy
S0035,U018,2025-03-29T15:40:22.000Z,181,Nor TV,Aaron Nguyen,Jazz,Happy
S0003,U060,2025-04-09T04:43:46.000Z,45,While account,Wendy Mendez,Jazz,Happy
S0015,U088,2025-04-11T01:43:29.000Z,220,Foreign somebody road,Bryan Butler,Rock,Chill
S0031,U077,2025-03-30T06:34:07.000Z,176,Work bill,John Henderson,Classical,Happy
S0034,U002,2025-04-02T12:31:25.000Z,280,City cut this,Robert Holmes,Classical,Energetic
S0020,U094,2025-03-30T19:59:51.000Z,206,Two imagine must,Susan Lang,Rock,Happy
S0008,U024,2025-04-09T02:21:56.000Z,69,Decade anything woman,Nicholas Patterson,Jazz,Energetic
S0026,U092,2025-03-28T02:14:41.000Z,128,Real every,James Cruz,Pop,Chill
S0040,U032,2025-03-31T21:27:32.000Z,62,Subject ever,Paula Roberts,Rock,Energetic
S0050,U016,2025-04-07T13:40:19.000Z,223,Congress left,Kristy Yang,Pop,Chill
S0044,U030,2025-03-29T16:44:31.000Z,96,Bill,Natalie Miller,Rock,Chill
S0017,U010,2025-03-31T20:57:03.000Z,282,Such bed,Mackenzie Morrow,Classical,Sad
S0032,U034,2025-03-30T13:05:54.000Z,279,Its push everybody,Anthony Perry,Pop,Energetic
S0034,U004,2025-03-31T15:12:19.000Z,264,City cut this,Robert Holmes,Classical,Energetic
S0025,U057,2025-03-29T16:25:38.000Z,142,Husband professor through,Debra Rodriguez,Pop,Sad
S0025,U034,2025-04-02T13:57:02.000Z,86,Husband professor through,Debra Rodriguez,Pop,Sad
S0012,U037,2025-04-08T12:53:49.000Z,42,Suffer letter,Catherine Davis,Classical,Happy
S0017,U053,2025-04-06T05:14:38.000Z,231,Such bed,Mackenzie Morrow,Classical,Sad
S0045,U012,2025-04-08T11:05:56.000Z,147,Official young,Jeremy Mcfarland,Pop,Energetic
S0046,U002,2025-03-28T08:00:01.000Z,253,Exist heavy,Angela Chandler,Classical,Happy
S0011,U076,2025-04-05T23:07:31.000Z,265,Play coach,Susan Jones,Pop,Happy
S0009,U008,2025-03-29T15:22:47.000Z,49,Its particularly admit provide,Steve Martinez,Classical,Chill
S0010,U053,2025-04-06T14:55:00.000Z,49,Page,Deborah Obrien,Classical,Happy
S0028,U027,2025-04-03T22:08:18.000Z,167,Perform party civil threat,Laurie Alvarez,Rock,Sad
S0049,U080,2025-04-10T19:14:39.000Z,96,Rich,Marisa Wade,Rock,Energetic
S0037,U012,2025-04-03T03:18:09.000Z,30,Yet crime,Brandon Farley,Classical,Energetic
S0007,U074,2025-04-03T02:35:45.000Z,105,Could bring official,Monica Butler,Rock,Chill
S0020,U023,2025-04-01T23:14:21.000Z,97,Two imagine must,Susan Lang,Rock,Happy
S0024,U059,2025-04-07T13:32:05.000Z,240,Middle know six,Sean Brandt DDS,Pop,Energetic
S0033,U054,2025-04-04T05:50:41.000Z,102,Or part idea,Mrs. Kelli Mcfarland,HipHop,Energetic
S0012,U042,2025-03-29T02:27:20.000Z,203,Suffer letter,Catherine Davis,Classical,Happy
S0003,U062,2025-04-05T01:59:37.000Z,210,While account,Wendy Mendez,Jazz,Happy
S0010,U001,2025-04-07T18:39:15.000Z,164,Page,Deborah Obrien,Classical,Happy
S0025,U030,2025-04-08T12:54:37.000Z,283,Husband professor through,Debra Rodriguez,Pop,Sad
S0028,U069,2025-04-06T21:38:59.000Z,262,Perform party civil threat,Laurie Alvarez,Rock,Sad
S0046,U053,2025-04-08T23:54:04.000Z,112,Exist heavy,Angela Chandler,Classical,Happy
S0024,U012,2025-03-28T13:16:11.000Z,109,Middle know six,Sean Brandt DDS,Pop,Energetic
S0043,U027,2025-04-03T12:01:07.000Z,60,Foreign maintain,Rodney Rodriguez,Classical,Happy
S0043,U100,2025-04-01T18:28:53.000Z,64,Foreign maintain,Rodney Rodriguez,Classical,Happy
S0016,U006,2025-03-31T15:19:04.000Z,134,Structure reveal former,Jeffrey Wolfe,Pop,Energetic
S0034,U091,2025-03-28T07:00:42.000Z,185,City cut this,Robert Holmes,Classical,Energetic
S0013,U002,2025-04-01T02:59:27.000Z,125,Laugh believe although,Edward Hill,Jazz,Energetic
S0014,U071,2025-04-03T20:18:04.000Z,281,Woman section,Taylor Gray,Pop,Energetic
S0026,U057,2025-03-29T00:10:28.000Z,103,Real every,James Cruz,Pop,Chill
S0019,U035,2025-04-03T15:00:22.000Z,201,Record book,Cheryl Reeves,HipHop,Sad
S0016,U072,2025-04-06T16:26:28.000Z,96,Structure reveal former,Jeffrey Wolfe,Pop,Energetic
S0046,U022,2025-03-31T19:37:16.000Z,144,Exist heavy,Angela Chandler,Classical,Happy
S0038,U036,2025-04-06T20:10:04.000Z,223,Small who,Jacqueline Leach,HipHop,Chill
S0009,U078,2025-04-08T14:47:10.000Z,244,Its particularly admit provide,Steve Martinez,Classical,Chill
S0019,U052,2025-04-03T18:00:51.000Z,258,Record book,Cheryl Reeves,HipHop,Sad
S0029,U042,2025-03-29T04:15:15.000Z,35,Seem less,Jared Williamson,HipHop,Sad
S0003,U044,2025-04-07T00:33:11.000Z,132,While account,Wendy Mendez,Jazz,Happy
S0039,U010,2025-04-03T03:57:18.000Z,235,Kid agency,Anna Johnson,Jazz,Sad
S0008,U005,2025-04-05T01:55:54.000Z,71,Decade anything woman,Nicholas Patterson,Jazz,Energetic
S0024,U030,2025-04-10T14:59:07.000Z,218,Middle know six,Sean Brandt DDS,Pop,Energetic
S0045,U050,2025-03-31T23:41:57.000Z,62,Official young,Jeremy Mcfarland,Pop,Energetic
S0026,U029,2025-04-06T03:11:19.000Z,283,Real every,James Cruz,Pop,Chill
S0046,U076,2025-03-31T11:53:14.000Z,231,Exist heavy,Angela Chandler,Classical,Happy
S0026,U067,2025-04-02T11:14:41.000Z,126,Real every,James Cruz,Pop,Chill
S0039,U022,2025-04-03T18:35:13.000Z,195,Kid agency,Anna Johnson,Jazz,Sad
S0048,U089,2025-04-02T14:11:07.000Z,237,Author them wrong challenge,Juan Fox,Rock,Energetic
S0043,U016,2025-04-08T08:39:18.000Z,264,Foreign maintain,Rodney Rodriguez,Classical,Happy
S0034,U015,2025-04-06T23:25:32.000Z,51,City cut this,Robert Holmes,Classical,Energetic
S0024,U045,2025-04-02T21:45:31.000Z,131,Middle know six,Sean Brandt DDS,Pop,Energetic
S0026,U034,2025-03-29T00:25:24.000Z,229,Real every,James Cruz,Pop,Chill
S0046,U099,2025-04-04T21:22:17.000Z,56,Exist heavy,Angela Chandler,Classical,Happy
S0012,U040,2025-04-03T17:46:26.000Z,245,Suffer letter,Catherine Davis,Classical,Happy
S0023,U022,2025-03-30T17:57:30.000Z,63,Success to anyone be,Edward Campbell,Pop,Sad
S0014,U086,2025-04-03T06:06:11.000Z,47,Woman section,Taylor Gray,Pop,Energetic
S0023,U064,2025-04-01T23:40:54.000Z,239,Success to anyone be,Edward Campbell,Pop,Sad
S0023,U046,2025-04-02T22:35:47.000Z,169,Success to anyone be,Edward Campbell,Pop,Sad
S0038,U035,2025-03-31T17:29:21.000Z,102,Small who,Jacqueline Leach,HipHop,Chill
S0032,U021,2025-04-04T22:44:28.000Z,146,Its push everybody,Anthony Perry,Pop,Energetic
S0004,U095,2025-04-02T21:04:34.000Z,177,Doctor notice the,Peter Hernandez,Jazz,Chill
S0042,U098,2025-04-05T08:11:44.000Z,101,Suggest law,Scott Johns,HipHop,Energetic
S0030,U066,2025-03-29T17:40:43.000Z,150,Create window,Richard Rivera,Pop,Sad
S0003,U087,2025-03-31T02:27:28.000Z,237,While account,Wendy Mendez,Jazz,Happy
S0013,U018,2025-04-09T04:58:47.000Z,292,Laugh believe although,Edward Hill,Jazz,Energetic
S0034,U006,2025-04-09T21:35:49.000Z,252,City cut this,Robert Holmes,Classical,Energetic
S0048,U075,2025-04-03T09:28:44.000Z,228,Author them wrong challenge,Juan Fox,Rock,Energetic
S0031,U092,2025-03-29T12:11:31.000Z,97,Work bill,John Henderson,Classical,Happy
S0028,U095,2025-04-01T22:56:54.000Z,133,Perform party civil threat,Laurie Alvarez,Rock,Sad
S0031,U011,2025-04-03T04:45:37.000Z,44,Work bill,John Henderson,Classical,Happy
S0006,U029,2025-04-03T11:06:49.000Z,108,Tend too cell,Jacqueline Gray,Pop,Sad
S0041,U039,2025-03-31T19:48:49.000Z,111,Now brother,Kenneth Morrison,HipHop,Energetic
S0046,U067,2025-03-29T14:58:09.000Z,291,Exist heavy,Angela Chandler,Classical,Happy
S0050,U038,2025-03-31T12:07:37.000Z,101,Congress left,Kristy Yang,Pop,Chill
S0039,U071,2025-03-30T09:32:13.000Z,105,Kid agency,Anna Johnson,Jazz,Sad
S0031,U056,2025-04-05T20:09:17.000Z,155,Work bill,John Henderson,Classical,Happy
S0050,U062,2025-04-05T11:52:00.000Z,292,Congress left,Kristy Yang,Pop,Chill
S0015,U022,2025-03-28T10:58:35.000Z,92,Foreign somebody road,Bryan Butler,Rock,Chill
S0043,U088,2025-04-06T08:31:43.000Z,162,Foreign maintain,Rodney Rodriguez,Classical,Happy
S0049,U040,2025-04-01T20:59:53.000Z,100,Rich,Marisa Wade,Rock,Energetic
S0006,U021,2025-04-09T19:02:45.000Z,259,Tend too cell,Jacqueline Gray,Pop,Sad
S0027,U028,2025-04-10T17:04:23.000Z,118,Reach,Richard Jensen,Classical,Happy
S0032,U062,2025-04-10T08:27:35.000Z,167,Its push everybody,Anthony Perry,Pop,Energetic
S0008,U007,2025-04-03T11:54:38.000Z,276,Decade anything woman,Nicholas Patterson,Jazz,Energetic
S0028,U034,2025-04-08T04:18:15.000Z,268,Perform party civil threat,Laurie Alvarez,Rock,Sad
S0020,U063,2025-04-01T17:48:53.000Z,243,Two imagine must,Susan Lang,Rock,Happy
S0017,U020,2025-04-01T05:04:51.000Z,37,Such bed,Mackenzie Morrow,Classical,Sad
S0002,U074,2025-03-28T16:19:12.000Z,242,Into,Jessica Finley,HipHop,Sad
S0029,U056,2025-03-30T00:06:01.000Z,37,Seem less,Jared Williamson,HipHop,Sad
S0049,U068,2025-04-04T22:31:27.000Z,70,Rich,Marisa Wade,Rock,Energetic
S0005,U065,2025-03-29T08:16:44.000Z,187,Particular just material,Beverly Adams,Jazz,Sad
S0017,U009,2025-04-05T04:56:17.000Z,101,Such bed,Mackenzie Morrow,Classical,Sad
S0023,U003,2025-04-08T16:08:34.000Z,65,Success to anyone be,Edward Campbell,Pop,Sad
S0021,U019,2025-04-03T14:10:09.000Z,192,Country special law,Heidi Davis,Pop,Energetic
S0031,U088,2025-04-06T00:09:28.000Z,173,Work bill,John Henderson,Classical,Happy
S0047,U001,2025-03-28T22:50:55.000Z,162,Serve rich expert,Collin Luna,Pop,Happy
S0034,U043,2025-04-07T16:14:48.000Z,49,City cut this,Robert Holmes,Classical,Energetic
S0014,U084,2025-04-09T19:33:01.000Z,290,Woman section,Taylor Gray,Pop,Energetic
S0002,U039,2025-04-02T07:08:02.000Z,220,Into,Jessica Finley,HipHop,Sad
S0021,U094,2025-04-01T00:19:58.000Z,184,Country special law,Heidi Davis,Pop,Energetic
S0029,U067,2025-04-07T16:49:50.000Z,245,Seem less,Jared Williamson,HipHop,Sad
S0036,U090,2025-04-05T12:13:28.000Z,135,Rise rather even,Angela Hayden,HipHop,Sad
S0005,U048,2025-03-29T13:04:55.000Z,67,Particular just material,Beverly Adams,Jazz,Sad
S0008,U050,2025-04-08T02:00:14.000Z,96,Decade anything woman,Nicholas Patterson,Jazz,Energetic
S0023,U031,2025-04-07T06:34:07.000Z,255,Success to anyone be,Edward Campbell,Pop,Sad
S0016,U045,2025-04-04T05:47:24.000Z,280,Structure reveal former,Jeffrey Wolfe,Pop,Energetic
S0003,U098,2025-04-05T15:04:24.000Z,127,While account,Wendy Mendez,Jazz,Happy
S0044,U023,2025-03-29T22:15:44.000Z,158,Bill,Natalie Miller,Rock,Chill
S0003,U065,2025-04-10T23:50:26.000Z,174,While account,Wendy Mendez,Jazz,Happy
S0028,U083,2025-03-31T18:23:38.000Z,117,Perform party civil threat,Laurie Alvarez,Rock,Sad
S0004,U069,2025-04-02T07:16:55.000Z,222,Doctor notice the,Peter Hernandez,Jazz,Chill
S0048,U076,2025-04-04T20:55:55.000Z,210,Author them wrong challenge,Juan Fox,Rock,Energetic
S0012,U047,2025-04-09T00:29:34.000Z,189,Suffer letter,Catherine Davis,Classical,Happy
S0034,U072,2025-04-04T04:55:04.000Z,279,City cut this,Robert Holmes,Classical,Energetic
S0020,U042,2025-03-30T12:08:13.000Z,294,Two imagine must,Susan Lang,Rock,Happy
S0009,U058,2025-03-29T23:23:32.000Z,103,Its particularly admit provide,Steve Martinez,Classical,Chill
S0050,U079,2025-04-10T17:16:42.000Z,93,Congress left,Kristy Yang,Pop,Chill
S0034,U085,2025-04-08T19:05:12.000Z,153,City cut this,Robert Holmes,Classical,Energetic
S0017,U024,2025-04-03T13:08:07.000Z,296,Such bed,Mackenzie Morrow,Classical,Sad
S0044,U095,2025-04-07T06:55:39.000Z,100,Bill,Natalie Miller,Rock,Chill
S0021,U053,2025-03-28T02:58:50.000Z,113,Country special law,Heidi Davis,Pop,Energetic
S0035,U015,2025-04-01T14:42:28.000Z,255,Nor TV,Aaron Nguyen,Jazz,Happy
S0033,U081,2025-04-04T22:30:21.000Z,269,Or part idea,Mrs. Kelli Mcfarland,HipHop,Energetic
S0030,U004,2025-03-30T19:38:23.000Z,202,Create window,Richard Rivera,Pop,Sad
S0021,U042,2025-04-08T01:53:30.000Z,251,Country special law,Heidi Davis,Pop,Energetic
S0049,U098,2025-04-02T23:45:55.000Z,277,Rich,Marisa Wade,Rock,Energetic
S0043,U077,2025-03-28T15:10:20.000Z,72,Foreign maintain,Rodney Rodriguez,Classical,Happy
S0021,U028,2025-03-29T21:24:35.000Z,140,Country special law,Heidi Davis,Pop,Energetic
S0015,U038,2025-04-10T15:27:12.000Z,239,Foreign somebody road,Bryan Butler,Rock,Chill
S0011,U062,2025-04-08T21:29:51.000Z,286,Play coach,Susan Jones,Pop,Happy
S0036,U100,2025-04-07T16:35:54.000Z,108,Rise rather even,Angela Hayden,HipHop,Sad
S0018,U017,2025-04-07T13:14:25.000Z,33,Project board process,Jerry Dyer,Classical,Sad
S0011,U091,2025-03-31T12:00:36.000Z,265,Play coach,Susan Jones,Pop,Happy
S0044,U007,2025-03-31T10:36:17.000Z,49,Bill,Natalie Miller,Rock,Chill
S0021,U051,2025-03-28T02:31:21.000Z,297,Country special law,Heidi Davis,Pop,Energetic
S0043,U012,2025-04-10T11:04:29.000Z,67,Foreign maintain,Rodney Rodriguez,Classical,Happy
S0014,U099,2025-04-10T19:44:03.000Z,35,Woman section,Taylor Gray,Pop,Energetic
S0039,U088,2025-04-10T12:20:34.000Z,269,Kid agency,Anna Johnson,Jazz,Sad
S0011,U080,2025-04-06T22:47:26.000Z,287,Play coach,Susan Jones,Pop,Happy
S0045,U091,2025-04-02T18:22:48.000Z,286,Official young,Jeremy Mcfarland,Pop,Energetic
S0012,U056,2025-04-05T02:40:09.000Z,297,Suffer letter,Catherine Davis,Classical,Happy
S0029,U032,2025-04-10T20:37:23.000Z,277,Seem less,Jared Williamson,HipHop,Sad
S0046,U055,2025-04-01T15:10:28.000Z,252,Exist heavy,Angela Chandler,Classical,Happy
S0034,U096,2025-04-05T06:23:21.000Z,88,City cut this,Robert Holmes,Classical,Energetic
S0019,U058,2025-04-07T12:23:38.000Z,260,Record book,Cheryl Reeves,HipHop,Sad
S0034,U035,2025-03-31T18:44:15.000Z,165,City cut this,Robert Holmes,Classical,Energetic
S0034,U070,2025-04-04T19:29:35.000Z,268,City cut this,Robert Holmes,Classical,Energetic
S0031,U063,2025-04-09T02:17:08.000Z,85,Work bill,John Henderson,Classical,Happy
S0043,U066,2025-04-10T07:53:03.000Z,31,Foreign maintain,Rodney Rodriguez,Classical,Happy
S0036,U016,2025-04-01T03:39:35.000Z,180,Rise rather even,Angela Hayden,HipHop,Sad
S0038,U068,2025-04-07T17:18:29.000Z,285,Small who,Jacqueline Leach,HipHop,Chill
S0020,U042,2025-04-06T04:32:25.000Z,255,Two imagine must,Susan Lang,Rock,Happy
S0024,U045,2025-04-04T12:40:25.000Z,194,Middle know six,Sean Brandt DDS,Pop,Energetic
S0035,U070,2025-04-07T04:03:37.000Z,44,Nor TV,Aaron Nguyen,Jazz,Happy
S0033,U068,2025-03-28T07:43:51.000Z,89,Or part idea,Mrs. Kelli Mcfarland,HipHop,Energetic
S0020,U047,2025-04-01T20:35:42.000Z,231,Two imagine must,Susan Lang,Rock,Happy
S0049,U056,2025-04-03T16:06:21.000Z,50,Rich,Marisa Wade,Rock,Energetic
S0008,U091,2025-04-10T18:47:06.000Z,257,Decade anything woman,Nicholas Patterson,Jazz,Energetic
S0009,U078,2025-04-06T04:34:17.000Z,183,Its particularly admit provide,Steve Martinez,Classical,Chill
S0044,U050,2025-03-30T23:12:44.000Z,246,Bill,Natalie Miller,Rock,Chill
S0038,U085,2025-04-02T21:41:33.000Z,208,Small who,Jacqueline Leach,HipHop,Chill
S0030,U020,2025-04-09T08:06:55.000Z,150,Create window,Richard Rivera,Pop,Sad
S0047,U047,2025-03-30T22:16:58.000Z,139,Serve rich expert,Collin Luna,Pop,Happy
S0031,U006,2025-04-07T03:17:33.000Z,203,Work bill,John Henderson,Classical,Happy
S0042,U087,2025-04-02T05:04:19.000Z,103,Suggest law,Scott Johns,HipHop,Energetic
S0014,U039,2025-04-06T02:07:11.000Z,164,Woman section,Taylor Gray,Pop,Energetic
S0011,U078,2025-04-09T23:07:00.000Z,198,Play coach,Susan Jones,Pop,Happy
S0035,U075,2025-04-06T08:07:38.000Z,140,Nor TV,Aaron Nguyen,Jazz,Happy
S0041,U088,2025-04-05T04:34:19.000Z,176,Now brother,Kenneth Morrison,HipHop,Energetic
S0031,U033,2025-04-02T06:38:36.000Z,62,Work bill,John Henderson,Classical,Happy
S0033,U016,2025-04-01T03:27:30.000Z,240,Or part idea,Mrs. Kelli Mcfarland,HipHop,Energetic
S0036,U054,2025-04-02T13:37:19.000Z,236,Rise rather even,Angela Hayden,HipHop,Sad
S0034,U055,2025-03-31T06:02:27.000Z,74,City cut this,Robert Holmes,Classical,Energetic
S0028,U068,2025-04-01T20:45:51.000Z,204,Perform party civil threat,Laurie Alvarez,Rock,Sad
S0013,U025,2025-04-01T13:05:58.000Z,250,Laugh believe although,Edward Hill,Jazz,Energetic
S0015,U097,2025-04-04T02:04:03.000Z,229,Foreign somebody road,Bryan Butler,Rock,Chill
S0025,U045,2025-03-30T18:18:14.000Z,102,Husband professor through,Debra Rodriguez,Pop,Sad
S0027,U027,2025-04-10T23:54:32.000Z,89,Reach,Richard Jensen,Classical,Happy
S0026,U098,2025-04-07T18:16:16.000Z,230,Real every,James Cruz,Pop,Chill
S0041,U099,2025-04-07T22:55:48.000Z,130,Now brother,Kenneth Morrison,HipHop,Energetic
S0039,U038,2025-04-02T03:14:05.000Z,235,Kid agency,Anna Johnson,Jazz,Sad
S0023,U075,2025-04-04T03:53:02.000Z,120,Success to anyone be,Edward Campbell,Pop,Sad
S0022,U045,2025-04-04T11:41:21.000Z,102,Identify class,Kelly Vargas,Classical,Sad
S0022,U039,2025-04-10T22:23:11.000Z,179,Identify class,Kelly Vargas,Classical,Sad
S0015,U033,2025-04-09T11:41:50.000Z,245,Foreign somebody road,Bryan Butler,Rock,Chill
S0046,U045,2025-03-31T20:21:14.000Z,298,Exist heavy,Angela Chandler,Classical,Happy
S0042,U084,2025-04-06T23:39:14.000Z,190,Suggest law,Scott Johns,HipHop,Energetic
S0013,U050,2025-04-10T17:32:30.000Z,223,Laugh believe although,Edward Hill,Jazz,Energetic
S0039,U086,2025-04-06T19:50:47.000Z,278,Kid agency,Anna Johnson,Jazz,Sad
S0050,U099,2025-04-10T14:16:53.000Z,257,Congress left,Kristy Yang,Pop,Chill
S0042,U061,2025-04-06T15:19:10.000Z,256,Suggest law,Scott Johns,HipHop,Energetic
S0030,U087,2025-04-04T22:20:48.000Z,139,Create window,Richard Rivera,Pop,Sad
S0009,U019,2025-04-05T09:11:24.000Z,280,Its particularly admit provide,Steve Martinez,Classical,Chill
S0042,U080,2025-04-02T09:39:57.000Z,30,Suggest law,Scott Johns,HipHop,Energetic
S0041,U072,2025-04-08T07:37:31.000Z,235,Now brother,Kenneth Morrison,HipHop,Energetic
S0012,U051,2025-03-30T09:23:43.000Z,89,Suffer letter,Catherine Davis,Classical,Happy
S0044,U097,2025-03-31T15:05:07.000Z,122,Bill,Natalie Miller,Rock,Chill
S0002,U094,2025-04-09T01:23:55.000Z,165,Into,Jessica Finley,HipHop,Sad
S0004,U011,2025-03-28T20:07:05.000Z,230,Doctor notice the,Peter Hernandez,Jazz,Chill
S0036,U082,2025-04-09T11:14:28.000Z,258,Rise rather even,Angela Hayden,HipHop,Sad
S0046,U040,2025-03-31T13:43:26.000Z,130,Exist heavy,Angela Chandler,Classical,Happy
S0021,U070,2025-04-04T23:40:30.000Z,278,Country special law,Heidi Davis,Pop,Energetic
S0041,U066,2025-04-06T10:47:01.000Z,142,Now brother,Kenneth Morrison,HipHop,Energetic
S0013,U016,2025-04-07T06:05:52.000Z,125,Laugh believe although,Edward Hill,Jazz,Energetic
S0029,U089,2025-03-28T20:35:13.000Z,177,Seem less,Jared Williamson,HipHop,Sad
S0030,U011,2025-04-04T08:34:05.000Z,47,Create window,Richard Rivera,Pop,Sad
S0046,U084,2025-04-04T09:23:18.000Z,211,Exist heavy,Angela Chandler,Classical,Happy
S0029,U002,2025-04-07T11:07:31.000Z,287,Seem less,Jared Williamson,HipHop,Sad
S0036,U015,2025-04-04T17:41:49.000Z,121,Rise rather even,Angela Hayden,HipHop,Sad
S0003,U074,2025-04-08T22:18:58.000Z,286,While account,Wendy Mendez,Jazz,Happy
S0039,U082,2025-03-28T03:13:33.000Z,260,Kid agency,Anna Johnson,Jazz,Sad
S0007,U084,2025-04-03T04:03:23.000Z,210,Could bring official,Monica Butler,Rock,Chill
S0037,U088,2025-03-29T20:19:58.000Z,235,Yet crime,Brandon Farley,Classical,Energetic
S0050,U013,2025-04-04T04:01:56.000Z,287,Congress left,Kristy Yang,Pop,Chill
S0024,U087,2025-04-09T12:35:09.000Z,225,Middle know six,Sean Brandt DDS,Pop,Energetic
S0028,U073,2025-04-07T18:24:46.000Z,218,Perform party civil threat,Laurie Alvarez,Rock,Sad
S0004,U074,2025-03-29T07:17:48.000Z,284,Doctor notice the,Peter Hernandez,Jazz,Chill
S0030,U025,2025-04-03T08:07:59.000Z,294,Create window,Richard Rivera,Pop,Sad
S0049,U022,2025-04-03T23:41:59.000Z,294,Rich,Marisa Wade,Rock,Energetic
S0033,U074,2025-04-11T01:43:44.000Z,159,Or part idea,Mrs. Kelli Mcfarland,HipHop,Energetic
S0013,U051,2025-03-30T05:23:28.000Z,63,Laugh believe although,Edward Hill,Jazz,Energetic
S0026,U055,2025-04-03T06:59:21.000Z,50,Real every,James Cruz,Pop,Chill
S0048,U086,2025-04-10T19:51:12.000Z,98,Author them wrong challenge,Juan Fox,Rock,Energetic
S0036,U037,2025-03-31T15:45:26.000Z,248,Rise rather even,Angela Hayden,HipHop,Sad
S0046,U051,2025-03-28T09:29:59.000Z,162,Exist heavy,Angela Chandler,Classical,Happy
S0006,U032,2025-04-09T13:31:04.000Z,274,Tend too cell,Jacqueline Gray,Pop,Sad
S0009,U072,2025-04-08T06:37:34.000Z,57,Its particularly admit provide,Steve Martinez,Classical,Chill
S0005,U058,2025-04-10T19:11:41.000Z,37,Particular just material,Beverly Adams,Jazz,Sad
S0030,U060,2025-03-29T02:18:47.000Z,168,Create window,Richard Rivera,Pop,Sad
S0009,U027,2025-03-28T23:08:39.000Z,295,Its particularly admit provide,Steve Martinez,Classical,Chill
S0001,U068,2025-03-30T05:44:30.000Z,250,Democrat really,Kevin Yu,Pop,Energetic
S0014,U097,2025-04-05T18:49:46.000Z,160,Woman section,Taylor Gray,Pop,Energetic
S0038,U010,2025-04-01T13:09:39.000Z,186,Small who,Jacqueline Leach,HipHop,Chill
S0033,U059,2025-04-02T16:15:03.000Z,158,Or part idea,Mrs. Kelli Mcfarland,HipHop,Energetic
S0022,U035,2025-04-05T20:31:17.000Z,70,Identify class,Kelly Vargas,Classical,Sad
S0018,U087,2025-03-29T10:14:03.000Z,132,Project board process,Jerry Dyer,Classical,Sad
S0033,U079,2025-04-04T17:36:06.000Z,277,Or part idea,Mrs. Kelli Mcfarland,HipHop,Energetic
S0035,U072,2025-04-03T07:22:35.000Z,209,Nor TV,Aaron Nguyen,Jazz,Happy
S0043,U083,2025-04-03T07:56:34.000Z,37,Foreign maintain,Rodney Rodriguez,Classical,Happy
S0009,U045,2025-03-30T08:22:22.000Z,137,Its particularly admit provide,Steve Martinez,Classical,Chill
S0022,U070,2025-03-28T06:05:51.000Z,124,Identify class,Kelly Vargas,Classical,Sad
S0041,U011,2025-03-28T09:42:04.000Z,264,Now brother,Kenneth Morrison,HipHop,Energetic
S0036,U062,2025-04-01T04:59:14.000Z,210,Rise rather even,Angela Hayden,HipHop,Sad
S0016,U092,2025-03-28T08:08:10.000Z,259,Structure reveal former,Jeffrey Wolfe,Pop,Energetic
S0012,U024,2025-04-07T08:53:53.000Z,110,Suffer letter,Catherine Davis,Classical,Happy
S0010,U042,2025-04-04T13:37:48.000Z,42,Page,Deborah Obrien,Classical,Happy
S0016,U003,2025-04-04T14:05:31.000Z,120,Structure reveal former,Jeffrey Wolfe,Pop,Energetic
S0019,U099,2025-04-05T15:28:00.000Z,300,Record book,Cheryl Reeves,HipHop,Sad
S0045,U011,2025-04-07T21:28:47.000Z,186,Official young,Jeremy Mcfarland,Pop,Energetic
S0036,U075,2025-04-09T16:17:57.000Z,92,Rise rather even,Angela Hayden,HipHop,Sad
S0050,U046,2025-04-08T11:31:27.000Z,84,Congress left,Kristy Yang,Pop,Chill
S0031,U081,2025-04-03T02:14:21.000Z,206,Work bill,John Henderson,Classical,Happy
S0035,U048,2025-04-08T23:17:39.000Z,83,Nor TV,Aaron Nguyen,Jazz,Happy
S0041,U032,2025-03-31T13:04:03.000Z,39,Now brother,Kenneth Morrison,HipHop,Energetic
S0047,U034,2025-03-29T12:14:05.000Z,138,Serve rich expert,Collin Luna,Pop,Happy
S0010,U073,2025-04-03T15:53:35.000Z,164,Page,Deborah Obrien,Classical,Happy
S0029,U065,2025-03-30T06:02:14.000Z,292,Seem less,Jared Williamson,HipHop,Sad
S0021,U031,2025-03-29T08:36:13.000Z,37,Country special law,Heidi Davis,Pop,Energetic
S0001,U097,2025-04-09T08:34:10.000Z,88,Democrat really,Kevin Yu,Pop,Energetic
S0009,U054,2025-04-04T13:11:43.000Z,274,Its particularly admit provide,Steve Martinez,Classical,Chill
S0004,U073,2025-04-10T18:04:36.000Z,234,Doctor notice the,Peter Hernandez,Jazz,Chill
S0049,U088,2025-04-02T13:17:51.000Z,247,Rich,Marisa Wade,Rock,Energetic
S0031,U028,2025-03-28T17:47:35.000Z,132,Work bill,John Henderson,Classical,Happy
S0003,U003,2025-04-02T04:38:57.000Z,237,While account,Wendy Mendez,Jazz,Happy
S0046,U084,2025-04-08T06:23:11.000Z,152,Exist heavy,Angela Chandler,Classical,Happy
S0007,U041,2025-04-05T01:38:46.000Z,36,Could bring official,Monica Butler,Rock,Chill
S0025,U034,2025-04-06T03:08:14.000Z,145,Husband professor through,Debra Rodriguez,Pop,Sad
S0047,U012,2025-03-28T04:49:12.000Z,70,Serve rich expert,Collin Luna,Pop,Happy
S0048,U024,2025-03-30T02:48:39.000Z,274,Author them wrong challenge,Juan Fox,Rock,Energetic
S0017,U001,2025-03-31T04:15:21.000Z,132,Such bed,Mackenzie Morrow,Classical,Sad
S0038,U086,2025-03-29T04:11:41.000Z,54,Small who,Jacqueline Leach,HipHop,Chill
S0024,U053,2025-04-10T05:01:35.000Z,96,Middle know six,Sean Brandt DDS,Pop,Energetic
S0026,U066,2025-03-30T10:39:47.000Z,200,Real every,James Cruz,Pop,Chill
S0008,U066,2025-04-08T15:48:37.000Z,47,Decade anything woman,Nicholas Patterson,Jazz,Energetic
S0031,U062,2025-04-10T16:35:11.000Z,156,Work bill,John Henderson,Classical,Happy
S0004,U074,2025-04-10T14:03:52.000Z,227,Doctor notice the,Peter Hernandez,Jazz,Chill
S0025,U045,2025-04-02T06:49:11.000Z,61,Husband professor through,Debra Rodriguez,Pop,Sad
S0041,U028,2025-03-28T15:44:05.000Z,213,Now brother,Kenneth Morrison,HipHop,Energetic
S0020,U096,2025-03-30T04:27:52.000Z,177,Two imagine must,Susan Lang,Rock,Happy
S0033,U023,2025-04-03T04:23:22.000Z,225,Or part idea,Mrs. Kelli Mcfarland,HipHop,Energetic
S0033,U080,2025-04-08T15:47:25.000Z,49,Or part idea,Mrs. Kelli Mcfarland,HipHop,Energetic
S0045,U036,2025-03-28T04:50:55.000Z,163,Official young,Jeremy Mcfarland,Pop,Energetic
S0030,U022,2025-04-09T04:46:25.000Z,250,Create window,Richard Rivera,Pop,Sad
S0040,U059,2025-04-09T22:40:07.000Z,219,Subject ever,Paula Roberts,Rock,Energetic
S0039,U010,2025-03-31T09:57:23.000Z,140,Kid agency,Anna Johnson,Jazz,Sad
S0017,U029,2025-04-03T12:32:05.000Z,274,Such bed,Mackenzie Morrow,Classical,Sad
S0027,U068,2025-04-09T11:07:48.000Z,275,Reach,Richard Jensen,Classical,Happy
S0049,U022,2025-04-02T07:17:18.000Z,179,Rich,Marisa Wade,Rock,Energetic
S0037,U084,2025-04-09T03:37:21.000Z,97,Yet crime,Brandon Farley,Classical,Energetic
S0042,U084,2025-03-30T19:59:13.000Z,249,Suggest law,Scott Johns,HipHop,Energetic
S0040,U041,2025-04-06T09:53:39.000Z,94,Subject ever,Paula Roberts,Rock,Energetic
S0017,U095,2025-04-02T02:12:51.000Z,143,Such bed,Mackenzie Morrow,Classical,Sad
S0027,U047,2025-04-08T12:56:26.000Z,142,Reach,Richard Jensen,Classical,Happy
S0044,U064,2025-04-08T14:24:16.000Z,252,Bill,Natalie Miller,Rock,Chill
S0030,U023,2025-04-05T03:13:18.000Z,114,Create window,Richard Rivera,Pop,Sad
S0043,U050,2025-04-09T09:55:31.000Z,297,Foreign maintain,Rodney Rodriguez,Classical,Happy
S0024,U007,2025-03-30T23:52:43.000Z,161,Middle know six,Sean Brandt DDS,Pop,Energetic
S0016,U028,2025-03-28T15:56:47.000Z,40,Structure reveal former,Jeffrey Wolfe,Pop,Energetic
S0006,U031,2025-04-02T18:34:56.000Z,52,Tend too cell,Jacqueline Gray,Pop,Sad
S0016,U022,2025-04-06T23:18:29.000Z,197,Structure reveal former,Jeffrey Wolfe,Pop,Energetic
S0042,U055,2025-04-06T17:24:54.000Z,127,Suggest law,Scott Johns,HipHop,Energetic
S0002,U015,2025-03-29T01:36:17.000Z,252,Into,Jessica Finley,HipHop,Sad
S0027,U050,2025-03-30T04:04:38.000Z,71,Reach,Richard Jensen,Classical,Happy
S0029,U071,2025-04-05T03:15:38.000Z,260,Seem less,Jared Williamson,HipHop,Sad
S0030,U020,2025-03-29T16:41:21.000Z,164,Create window,Richard Rivera,Pop,Sad
S0042,U085,2025-03-31T23:56:36.000Z,224,Suggest law,Scott Johns,HipHop,Energetic
S0023,U062,2025-03-31T22:59:44.000Z,251,Success to anyone be,Edward Campbell,Pop,Sad
S0037,U031,2025-04-10T10:29:59.000Z,300,Yet crime,Brandon Farley,Classical,Energetic
S0012,U084,2025-04-01T21:33:29.000Z,132,Suffer letter,Catherine Davis,Classical,Happy
S0044,U087,2025-03-29T23:46:29.000Z,235,Bill,Natalie Miller,Rock,Chill
S0032,U016,2025-04-04T15:16:59.000Z,76,Its push everybody,Anthony Perry,Pop,Energetic
S0005,U016,2025-04-08T08:19:39.000Z,152,Particular just material,Beverly Adams,Jazz,Sad
S0046,U053,2025-04-03T13:24:39.000Z,259,Exist heavy,Angela Chandler,Classical,Happy
S0012,U074,2025-04-02T22:44:36.000Z,105,Suffer letter,Catherine Davis,Classical,Happy
S0012,U068,2025-04-07T08:05:18.000Z,187,Suffer letter,Catherine Davis,Classical,Happy
S0040,U095,2025-04-10T12:46:24.000Z,300,Subject ever,Paula Roberts,Rock,Energetic
S0021,U064,2025-04-02T15:11:30.000Z,133,Country special law,Heidi Davis,Pop,Energetic
S0030,U002,2025-04-04T04:48:22.000Z,35,Create window,Richard Rivera,Pop,Sad
S0046,U010,2025-04-10T14:57:36.000Z,175,Exist heavy,Angela Chandler,Classical,Happy
S0026,U094,2025-03-30T13:03:07.000Z,234,Real every,James Cruz,Pop,Chill
S0027,U034,2025-04-04T02:35:13.000Z,193,Reach,Richard Jensen,Classical,Happy
S0011,U057,2025-03-29T14:24:24.000Z,132,Play coach,Susan Jones,Pop,Happy
S0035,U022,2025-04-07T01:13:46.000Z,114,Nor TV,Aaron Nguyen,Jazz,Happy
S0035,U027,2025-03-28T11:21:17.000Z,52,Nor TV,Aaron Nguyen,Jazz,Happy
S0025,U084,2025-04-10T08:38:25.000Z,123,Husband professor through,Debra Rodriguez,Pop,Sad
S0049,U012,2025-03-28T07:40:40.000Z,159,Rich,Marisa Wade,Rock,Energetic
S0028,U059,2025-04-10T13:57:02.000Z,34,Perform party civil threat,Laurie Alvarez,Rock,Sad
S0043,U013,2025-03-30T03:49:56.000Z,274,Foreign maintain,Rodney Rodriguez,Classical,Happy
S0034,U028,2025-04-03T19:06:52.000Z,274,City cut this,Robert Holmes,Classical,Energetic
S0001,U062,2025-03-30T03:51:27.000Z,289,Democrat really,Kevin Yu,Pop,Energetic
S0035,U099,2025-04-07T14:44:17.000Z,264,Nor TV,Aaron Nguyen,Jazz,Happy
S0044,U001,2025-04-02T04:36:19.000Z,178,Bill,Natalie Miller,Rock,Chill
S0009,U038,2025-03-30T22:03:40.000Z,144,Its particularly admit provide,Steve Martinez,Classical,Chill
S0019,U090,2025-04-09T02:07:18.000Z,252,Record book,Cheryl Reeves,HipHop,Sad
S0017,U060,2025-04-08T15:04:42.000Z,202,Such bed,Mackenzie Morrow,Classical,Sad
S0020,U053,2025-03-29T22:13:59.000Z,223,Two imagine must,Susan Lang,Rock,Happy
S0030,U091,2025-04-11T00:03:40.000Z,93,Create window,Richard Rivera,Pop,Sad
S0041,U100,2025-03-30T13:51:47.000Z,227,Now brother,Kenneth Morrison,HipHop,Energetic
S0017,U099,2025-04-04T03:56:52.000Z,271,Such bed,Mackenzie Morrow,Classical,Sad
S0015,U090,2025-04-09T16:54:57.000Z,54,Foreign somebody road,Bryan Butler,Rock,Chill
S0044,U059,2025-03-29T19:37:09.000Z,263,Bill,Natalie Miller,Rock,Chill
S0044,U064,2025-04-02T03:34:13.000Z,56,Bill,Natalie Miller,Rock,Chill
S0029,U052,2025-03-31T22:45:32.000Z,238,Seem less,Jared Williamson,HipHop,Sad
S0041,U047,2025-04-10T09:07:14.000Z,55,Now brother,Kenneth Morrison,HipHop,Energetic
S0009,U044,2025-04-01T10:39:42.000Z,67,Its particularly admit provide,Steve Martinez,Classical,Chill
S0028,U077,2025-04-07T09:12:05.000Z,185,Perform party civil threat,Laurie Alvarez,Rock,Sad
S0049,U067,2025-04-08T01:11:53.000Z,195,Rich,Marisa Wade,Rock,Energetic
S0024,U022,2025-04-09T23:45:36.000Z,162,Middle know six,Sean Brandt DDS,Pop,Energetic
S0010,U011,2025-04-01T18:18:34.000Z,238,Page,Deborah Obrien,Classical,Happy
S0027,U046,2025-04-06T22:47:00.000Z,108,Reach,Richard Jensen,Classical,Happy
S0041,U032,2025-03-31T05:37:42.000Z,285,Now brother,Kenneth Morrison,HipHop,Energetic
S0038,U073,2025-04-08T23:14:08.000Z,93,Small who,Jacqueline Leach,HipHop,Chill
S0030,U067,2025-03-30T04:00:58.000Z,135,Create window,Richard Rivera,Pop,Sad
S0009,U033,2025-04-01T20:49:23.000Z,226,Its particularly admit provide,Steve Martinez,Classical,Chill
S0020,U035,2025-04-09T01:09:01.000Z,238,Two imagine must,Susan Lang,Rock,Happy
S0011,U098,2025-03-29T08:57:22.000Z,42,Play coach,Susan Jones,Pop,Happy
S0046,U015,2025-04-01T08:48:12.000Z,224,Exist heavy,Angela Chandler,Classical,Happy
S0002,U040,2025-04-02T11:24:11.000Z,300,Into,Jessica Finley,HipHop,Sad
S0010,U009,2025-04-06T23:44:24.000Z,145,Page,Deborah Obrien,Classical,Happy
S0017,U029,2025-04-08T02:54:20.000Z,200,Such bed,Mackenzie Morrow,Classical,Sad
S0006,U059,2025-04-08T11:03:16.000Z,219,Tend too cell,Jacqueline Gray,Pop,Sad
S0043,U028,2025-04-03T18:45:44.000Z,159,Foreign maintain,Rodney Rodriguez,Classical,Happy
S0039,U048,2025-03-28T20:16:38.000Z,258,Kid agency,Anna Johnson,Jazz,Sad
S0010,U083,2025-04-10T01:42:46.000Z,50,Page,Deborah Obrien,Classical,Happy
S0021,U091,2025-04-03T06:48:09.000Z,168,Country special law,Heidi Davis,Pop,Energetic
S0001,U073,2025-03-31T13:10:51.000Z,262,Democrat really,Kevin Yu,Pop,Energetic
S0029,U007,2025-03-29T21:17:55.000Z,85,Seem less,Jared Williamson,HipHop,Sad
S0033,U038,2025-03-29T12:22:18.000Z,116,Or part idea,Mrs. Kelli Mcfarland,HipHop,Energetic
S0009,U097,2025-04-01T02:33:39.000Z,31,Its particularly admit provide,Steve Martinez,Classical,Chill
S0044,U007,2025-03-28T12:19:04.000Z,217,Bill,Natalie Miller,Rock,Chill
S0006,U086,2025-03-31T05:40:04.000Z,243,Tend too cell,Jacqueline Gray,Pop,Sad
S0028,U036,2025-03-31T02:32:11.000Z,139,Perform party civil threat,Laurie Alvarez,Rock,Sad
S0038,U070,2025-04-10T15:44:11.000Z,151,Small who,Jacqueline Leach,HipHop,Chill
S0026,U024,2025-03-31T00:24:56.000Z,111,Real every,James Cruz,Pop,Chill
S0019,U096,2025-03-29T05:10:22.000Z,102,Record book,Cheryl Reeves,HipHop,Sad
S0032,U005,2025-04-08T12:49:55.000Z,166,Its push everybody,Anthony Perry,Pop,Energetic
S0036,U016,2025-04-07T08:26:50.000Z,276,Rise rather even,Angela Hayden,HipHop,Sad
S0044,U005,2025-04-02T07:50:07.000Z,186,Bill,Natalie Miller,Rock,Chill
S0038,U048,2025-04-03T23:24:24.000Z,104,Small who,Jacqueline Leach,HipHop,Chill
S0046,U062,2025-04-07T01:47:37.000Z,61,Exist heavy,Angela Chandler,Classical,Happy
S0049,U049,2025-04-07T12:21:09.000Z,32,Rich,Marisa Wade,Rock,Energetic
S0045,U001,2025-03-28T14:17:16.000Z,235,Official young,Jeremy Mcfarland,Pop,Energetic
S0025,U067,2025-04-10T17:03:10.000Z,143,Husband professor through,Debra Rodriguez,Pop,Sad
S0037,U045,2025-04-05T03:15:59.000Z,231,Yet crime,Brandon Farley,Classical,Energetic
S0004,U056,2025-04-06T19:49:38.000Z,151,Doctor notice the,Peter Hernandez,Jazz,Chill
S0011,U049,2025-03-28T19:42:39.000Z,233,Play coach,Susan Jones,Pop,Happy
S0022,U063,2025-04-06T12:16:21.000Z,180,Identify class,Kelly Vargas,Classical,Sad
S0024,U073,2025-04-09T08:22:47.000Z,224,Middle know six,Sean Brandt DDS,Pop,Energetic
S0017,U055,2025-04-02T05:01:42.000Z,55,Such bed,Mackenzie Morrow,Classical,Sad
S0036,U026,2025-04-07T06:30:18.000Z,250,Rise rather even,Angela Hayden,HipHop,Sad
S0030,U018,2025-04-09T22:51:11.000Z,252,Create window,Richard Rivera,Pop,Sad
S0025,U091,2025-04-05T11:24:32.000Z,236,Husband professor through,Debra Rodriguez,Pop,Sad
S0049,U037,2025-03-28T09:32:00.000Z,92,Rich,Marisa Wade,Rock,Energetic
S0003,U022,2025-04-04T13:58:36.000Z,177,While account,Wendy Mendez,Jazz,Happy
S0010,U020,2025-03-29T15:55:34.000Z,263,Page,Deborah Obrien,Classical,Happy
S0032,U074,2025-04-04T12:33:29.000Z,149,Its push everybody,Anthony Perry,Pop,Energetic
S0042,U025,2025-04-07T02:03:53.000Z,286,Suggest law,Scott Johns,HipHop,Energetic
S0002,U087,2025-04-03T19:51:19.000Z,146,Into,Jessica Finley,HipHop,Sad
S0008,U073,2025-04-06T22:09:30.000Z,53,Decade anything woman,Nicholas Patterson,Jazz,Energetic
S0004,U016,2025-04-10T16:24:35.000Z,209,Doctor notice the,Peter Hernandez,Jazz,Chill
S0041,U069,2025-04-10T08:59:37.000Z,107,Now brother,Kenneth Morrison,HipHop,Energetic
S0020,U059,2025-03-31T02:02:48.000Z,218,Two imagine must,Susan Lang,Rock,Happy
S0044,U025,2025-04-09T14:21:29.000Z,109,Bill,Natalie Miller,Rock,Chill
S0032,U061,2025-03-30T02:44:22.000Z,76,Its push everybody,Anthony Perry,Pop,Energetic
S0036,U022,2025-03-29T06:42:27.000Z,225,Rise rather even,Angela Hayden,HipHop,Sad
S0018,U075,2025-04-06T11:33:45.000Z,96,Project board process,Jerry Dyer,Classical,Sad
S0002,U067,2025-04-02T22:11:58.000Z,213,Into,Jessica Finley,HipHop,Sad
S0030,U066,2025-03-30T22:56:51.000Z,69,Create window,Richard Rivera,Pop,Sad
S0001,U073,2025-04-07T01:42:02.000Z,242,Democrat really,Kevin Yu,Pop,Energetic
S0013,U032,2025-04-09T09:39:42.000Z,185,Laugh believe although,Edward Hill,Jazz,Energetic
S0019,U040,2025-03-31T14:25:04.000Z,53,Record book,Cheryl Reeves,HipHop,Sad
S0001,U001,2025-03-31T18:30:01.000Z,80,Democrat really,Kevin Yu,Pop,Energetic
S0004,U073,2025-04-04T12:40:12.000Z,181,Doctor notice the,Peter Hernandez,Jazz,Chill
S0045,U035,2025-04-03T16:47:31.000Z,256,Official young,Jeremy Mcfarland,Pop,Energetic
S0013,U093,2025-04-05T01:33:17.000Z,189,Laugh believe although,Edward Hill,Jazz,Energetic
S0027,U094,2025-04-05T15:01:29.000Z,171,Reach,Richard Jensen,Classical,Happy
S0007,U046,2025-03-29T19:19:08.000Z,268,Could bring official,Monica Butler,Rock,Chill
S0043,U100,2025-04-04T06:11:19.000Z,50,Foreign maintain,Rodney Rodriguez,Classical,Happy
S0026,U066,2025-03-29T11:49:35.000Z,252,Real every,James Cruz,Pop,Chill
S0040,U088,2025-03-31T13:48:32.000Z,78,Subject ever,Paula Roberts,Rock,Energetic
S0008,U012,2025-04-01T20:14:15.000Z,214,Decade anything woman,Nicholas Patterson,Jazz,Energetic
S0015,U025,2025-04-04T23:34:04.000Z,86,Foreign somebody road,Bryan Butler,Rock,Chill
S0015,U034,2025-03-31T21:53:42.000Z,60,Foreign somebody road,Bryan Butler,Rock,Chill
S0030,U065,2025-04-08T02:30:53.000Z,265,Create window,Richard Rivera,Pop,Sad
S0022,U072,2025-04-03T05:24:39.000Z,131,Identify class,Kelly Vargas,Classical,Sad
S0018,U002,2025-04-08T20:46:02.000Z,164,Project board process,Jerry Dyer,Classical,Sad
S0050,U063,2025-04-06T11:37:13.000Z,41,Congress left,Kristy Yang,Pop,Chill
S0015,U091,2025-04-02T12:20:24.000Z,79,Foreign somebody road,Bryan Butler,Rock,Chill
S0050,U002,2025-04-08T10:13:47.000Z,189,Congress left,Kristy Yang,Pop,Chill
S0032,U034,2025-04-07T05:44:43.000Z,54,Its push everybody,Anthony Perry,Pop,Energetic
S0035,U032,2025-03-29T20:50:00.000Z,114,Nor TV,Aaron Nguyen,Jazz,Happy
S0020,U077,2025-04-05T10:44:03.000Z,114,Two imagine must,Susan Lang,Rock,Happy
S0027,U049,2025-04-10T22:01:29.000Z,35,Reach,Richard Jensen,Classical,Happy
S0035,U015,2025-04-05T11:51:04.000Z,289,Nor TV,Aaron Nguyen,Jazz,Happy
S0050,U043,2025-04-03T14:27:07.000Z,135,Congress left,Kristy Yang,Pop,Chill
S0044,U055,2025-04-02T07:49:13.000Z,191,Bill,Natalie Miller,Rock,Chill
S0034,U099,2025-04-05T10:40:10.000Z,192,City cut this,Robert Holmes,Classical,Energetic
S0018,U086,2025-04-07T15:38:18.000Z,239,Project board process,Jerry Dyer,Classical,Sad
S0027,U084,2025-04-10T19:06:45.000Z,253,Reach,Richard Jensen,Classical,Happy
S0037,U004,2025-04-02T11:50:19.000Z,49,Yet crime,Brandon Farley,Classical,Energetic
S0036,U050,2025-04-02T10:27:38.000Z,172,Rise rather even,Angela Hayden,HipHop,Sad
S0033,U055,2025-04-06T05:59:08.000Z,274,Or part idea,Mrs. Kelli Mcfarland,HipHop,Energetic
S0005,U021,2025-03-28T02:08:15.000Z,215,Particular just material,Beverly Adams,Jazz,Sad
S0008,U026,2025-03-31T12:57:55.000Z,103,Decade anything woman,Nicholas Patterson,Jazz,Energetic
S0042,U078,2025-04-05T01:25:37.000Z,52,Suggest law,Scott Johns,HipHop,Energetic
S0032,U052,2025-04-04T12:20:47.000Z,255,Its push everybody,Anthony Perry,Pop,Energetic
S0006,U041,2025-04-06T06:11:47.000Z,261,Tend too cell,Jacqueline Gray,Pop,Sad
S0028,U006,2025-04-09T16:43:14.000Z,103,Perform party civil threat,Laurie Alvarez,Rock,Sad
S0005,U008,2025-04-10T21:27:47.000Z,245,Particular just material,Beverly Adams,Jazz,Sad
S0014,U083,2025-04-01T22:35:24.000Z,262,Woman section,Taylor Gray,Pop,Energetic
S0027,U041,2025-04-10T23:54:00.000Z,203,Reach,Richard Jensen,Classical,Happy
S0010,U004,2025-04-06T19:13:47.000Z,197,Page,Deborah Obrien,Classical,Happy
S0026,U098,2025-04-06T06:30:29.000Z,173,Real every,James Cruz,Pop,Chill
S0041,U041,2025-03-28T17:15:31.000Z,184,Now brother,Kenneth Morrison,HipHop,Energetic
S0028,U018,2025-04-02T16:26:25.000Z,70,Perform party civil threat,Laurie Alvarez,Rock,Sad
S0040,U006,2025-03-29T17:56:35.000Z,240,Subject ever,Paula Roberts,Rock,Energetic
S0037,U082,2025-04-02T19:32:35.000Z,284,Yet crime,Brandon Farley,Classical,Energetic
S0048,U011,2025-04-07T15:47:26.000Z,37,Author them wrong challenge,Juan Fox,Rock,Energetic
S0041,U011,2025-04-08T23:51:32.000Z,40,Now brother,Kenneth Morrison,HipHop,Energetic
S0034,U019,2025-04-04T06:48:46.000Z,142,City cut this,Robert Holmes,Classical,Energetic
S0026,U086,2025-04-04T17:50:38.000Z,182,Real every,James Cruz,Pop,Chill
S0024,U003,2025-04-07T22:36:18.000Z,300,Middle know six,Sean Brandt DDS,Pop,Energetic
S0015,U011,2025-03-30T03:41:17.000Z,124,Foreign somebody road,Bryan Butler,Rock,Chill
S0001,U038,2025-03-30T15:53:36.000Z,118,Democrat really,Kevin Yu,Pop,Energetic
S0043,U051,2025-04-10T17:47:24.000Z,282,Foreign maintain,Rodney Rodriguez,Classical,Happy
S0036,U100,2025-04-04T08:18:03.000Z,199,Rise rather even,Angela Hayden,HipHop,Sad
S0041,U054,2025-04-05T11:05:23.000Z,208,Now brother,Kenneth Morrison,HipHop,Energetic
S0008,U047,2025-03-31T03:31:18.000Z,267,Decade anything woman,Nicholas Patterson,Jazz,Energetic
S0015,U003,2025-04-03T08:33:25.000Z,262,Foreign somebody road,Bryan Butler,Rock,Chill
S0001,U026,2025-04-02T10:47:08.000Z,184,Democrat really,Kevin Yu,Pop,Energetic
S0003,U026,2025-03-31T04:42:25.000Z,283,While account,Wendy Mendez,Jazz,Happy
S0014,U023,2025-04-01T20:55:55.000Z,270,Woman section,Taylor Gray,Pop,Energetic
S0020,U072,2025-04-08T02:13:00.000Z,40,Two imagine must,Susan Lang,Rock,Happy
S0041,U014,2025-03-29T13:27:17.000Z,257,Now brother,Kenneth Morrison,HipHop,Energetic
S0008,U065,2025-04-08T01:53:07.000Z,158,Decade anything woman,Nicholas Patterson,Jazz,Energetic
S0044,U008,2025-04-04T17:55:11.000Z,115,Bill,Natalie Miller,Rock,Chill
S0026,U017,2025-04-05T04:10:59.000Z,73,Real every,James Cruz,Pop,Chill
S0023,U050,2025-03-28T02:41:58.000Z,255,Success to anyone be,Edward Campbell,Pop,Sad
S0038,U009,2025-04-01T17:15:03.000Z,187,Small who,Jacqueline Leach,HipHop,Chill
S0037,U038,2025-03-28T09:17:02.000Z,48,Yet crime,Brandon Farley,Classical,Energetic
S0046,U096,2025-03-30T14:24:53.000Z,166,Exist heavy,Angela Chandler,Classical,Happy
S0018,U088,2025-03-29T08:57:16.000Z,30,Project board process,Jerry Dyer,Classical,Sad
S0018,U092,2025-04-02T06:43:24.000Z,297,Project board process,Jerry Dyer,Classical,Sad
S0021,U075,2025-04-03T02:15:30.000Z,278,Country special law,Heidi Davis,Pop,Energetic
S0001,U098,2025-04-09T14:47:24.000Z,292,Democrat really,Kevin Yu,Pop,Energetic
S0018,U067,2025-04-10T11:44:46.000Z,48,Project board process,Jerry Dyer,Classical,Sad
S0009,U012,2025-03-28T15:50:27.000Z,134,Its particularly admit provide,Steve Martinez,Classical,Chill
S0038,U052,2025-04-06T12:16:58.000Z,266,Small who,Jacqueline Leach,HipHop,Chill
S0008,U077,2025-04-06T23:34:11.000Z,158,Decade anything woman,Nicholas Patterson,Jazz,Energetic
S0012,U024,2025-04-05T04:33:45.000Z,159,Suffer letter,Catherine Davis,Classical,Happy
S0011,U010,2025-04-02T03:38:55.000Z,97,Play coach,Susan Jones,Pop,Happy
S0022,U064,2025-04-09T06:10:25.000Z,220,Identify class,Kelly Vargas,Classical,Sad
S0017,U095,2025-04-08T16:50:25.000Z,101,Such bed,Mackenzie Morrow,Classical,Sad
S0044,U018,2025-04-10T03:55:14.000Z,146,Bill,Natalie Miller,Rock,Chill
S0040,U060,2025-04-04T08:24:56.000Z,76,Subject ever,Paula Roberts,Rock,Energetic
S0002,U034,2025-03-30T13:13:02.000Z,108,Into,Jessica Finley,HipHop,Sad
S0017,U029,2025-04-09T04:55:17.000Z,88,Such bed,Mackenzie Morrow,Classical,Sad
S0001,U061,2025-03-28T19:47:48.000Z,127,Democrat really,Kevin Yu,Pop,Energetic
S0033,U062,2025-03-31T23:32:11.000Z,163,Or part idea,Mrs. Kelli Mcfarland,HipHop,Energetic
S0025,U060,2025-04-08T02:20:08.000Z,115,Husband professor through,Debra Rodriguez,Pop,Sad
S0023,U005,2025-04-02T15:04:17.000Z,119,Success to anyone be,Edward Campbell,Pop,Sad
S0025,U025,2025-04-07T12:51:14.000Z,141,Husband professor through,Debra Rodriguez,Pop,Sad
S0008,U093,2025-03-29T06:25:14.000Z,128,Decade anything woman,Nicholas Patterson,Jazz,Energetic
S0015,U002,2025-04-02T20:54:45.000Z,184,Foreign somebody road,Bryan Butler,Rock,Chill
S0006,U018,2025-04-09T11:20:46.000Z,175,Tend too cell,Jacqueline Gray,Pop,Sad
S0023,U028,2025-04-08T17:20:29.000Z,149,Success to anyone be,Edward Campbell,Pop,Sad
S0011,U026,2025-04-01T16:06:30.000Z,115,Play coach,Susan Jones,Pop,Happy
S0043,U047,2025-03-28T08:06:42.000Z,209,Foreign maintain,Rodney Rodriguez,Classical,Happy
S0004,U079,2025-04-01T12:04:33.000Z,154,Doctor notice the,Peter Hernandez,Jazz,Chill
S0033,U090,2025-04-02T04:47:25.000Z,61,Or part idea,Mrs. Kelli Mcfarland,HipHop,Energetic
S0033,U013,2025-04-01T13:46:34.000Z,211,Or part idea,Mrs. Kelli Mcfarland,HipHop,Energetic
S0002,U039,2025-04-02T06:08:08.000Z,179,Into,Jessica Finley,HipHop,Sad
S0004,U087,2025-04-07T03:01:18.000Z,244,Doctor notice the,Peter Hernandez,Jazz,Chill
S0008,U064,2025-04-10T20:26:59.000Z,142,Decade anything woman,Nicholas Patterson,Jazz,Energetic
S0031,U002,2025-03-28T22:54:26.000Z,70,Work bill,John Henderson,Classical,Happy
S0019,U022,2025-04-06T02:42:21.000Z,172,Record book,Cheryl Reeves,HipHop,Sad
S0035,U054,2025-04-06T00:40:28.000Z,292,Nor TV,Aaron Nguyen,Jazz,Happy
S0050,U074,2025-04-08T04:33:37.000Z,238,Congress left,Kristy Yang,Pop,Chill
S0008,U007,2025-03-30T06:08:36.000Z,108,Decade anything woman,Nicholas Patterson,Jazz,Energetic
S0002,U061,2025-04-04T10:50:16.000Z,258,Into,Jessica Finley,HipHop,Sad
S0028,U013,2025-04-04T04:21:57.000Z,141,Perform party civil threat,Laurie Alvarez,Rock,Sad
S0043,U095,2025-03-29T15:24:28.000Z,166,Foreign maintain,Rodney Rodriguez,Classical,Happy
S0029,U065,2025-04-02T23:26:17.000Z,279,Seem less,Jared Williamson,HipHop,Sad
S0030,U042,2025-04-03T17:54:36.000Z,222,Create window,Richard Rivera,Pop,Sad
S0009,U038,2025-04-03T01:43:35.000Z,46,Its particularly admit provide,Steve Martinez,Classical,Chill
S0022,U058,2025-04-02T02:14:58.000Z,105,Identify class,Kelly Vargas,Classical,Sad
S0015,U098,2025-03-30T03:09:57.000Z,273,Foreign somebody road,Bryan Butler,Rock,Chill
S0008,U001,2025-04-07T21:54:20.000Z,297,Decade anything woman,Nicholas Patterson,Jazz,Energetic
S0014,U040,2025-04-07T20:01:57.000Z,149,Woman section,Taylor Gray,Pop,Energetic
S0016,U003,2025-03-31T09:37:47.000Z,122,Structure reveal former,Jeffrey Wolfe,Pop,Energetic
S0044,U047,2025-04-05T16:02:52.000Z,72,Bill,Natalie Miller,Rock,Chill
S0014,U033,2025-04-02T01:29:49.000Z,47,Woman section,Taylor Gray,Pop,Energetic
S0038,U092,2025-04-07T20:33:32.000Z,233,Small who,Jacqueline Leach,HipHop,Chill
S0048,U001,2025-04-10T04:38:23.000Z,235,Author them wrong challenge,Juan Fox,Rock,Energetic
S0005,U072,2025-03-30T06:52:46.000Z,66,Particular just material,Beverly Adams,Jazz,Sad
S0018,U002,2025-03-28T19:50:06.000Z,177,Project board process,Jerry Dyer,Classical,Sad
S0041,U072,2025-03-31T11:24:40.000Z,270,Now brother,Kenneth Morrison,HipHop,Energetic
S0028,U052,2025-04-10T22:41:02.000Z,293,Perform party civil threat,Laurie Alvarez,Rock,Sad
S0032,U094,2025-04-04T14:29:20.000Z,123,Its push everybody,Anthony Perry,Pop,Energetic
S0021,U043,2025-03-29T15:24:01.000Z,249,Country special law,Heidi Davis,Pop,Energetic
S0049,U072,2025-04-01T21:30:54.000Z,189,Rich,Marisa Wade,Rock,Energetic
S0001,U092,2025-04-04T10:44:01.000Z,63,Democrat really,Kevin Yu,Pop,Energetic
S0028,U095,2025-03-28T10:14:02.000Z,235,Perform party civil threat,Laurie Alvarez,Rock,Sad
S0017,U008,2025-04-10T20:00:51.000Z,201,Such bed,Mackenzie Morrow,Classical,Sad
S0038,U015,2025-03-30T13:08:23.000Z,246,Small who,Jacqueline Leach,HipHop,Chill
S0033,U065,2025-04-10T07:36:32.000Z,61,Or part idea,Mrs. Kelli Mcfarland,HipHop,Energetic
S0008,U028,2025-04-01T16:27:04.000Z,36,Decade anything woman,Nicholas Patterson,Jazz,Energetic
S0017,U053,2025-03-31T20:31:46.000Z,99,Such bed,Mackenzie Morrow,Classical,Sad
S0020,U072,2025-04-06T06:23:52.000Z,228,Two imagine must,Susan Lang,Rock,Happy
S0044,U023,2025-04-06T20:23:03.000Z,36,Bill,Natalie Miller,Rock,Chill
S0035,U013,2025-03-30T03:09:45.000Z,121,Nor TV,Aaron Nguyen,Jazz,Happy
S0025,U072,2025-03-31T12:09:43.000Z,299,Husband professor through,Debra Rodriguez,Pop,Sad
S0036,U011,2025-04-03T13:42:50.000Z,64,Rise rather even,Angela Hayden,HipHop,Sad
S0023,U090,2025-04-09T05:22:16.000Z,190,Success to anyone be,Edward Campbell,Pop,Sad
S0013,U091,2025-04-04T08:52:43.000Z,40,Laugh believe although,Edward Hill,Jazz,Energetic
S0044,U084,2025-03-29T08:44:16.000Z,234,Bill,Natalie Miller,Rock,Chill
S0002,U037,2025-03-28T13:21:58.000Z,197,Into,Jessica Finley,HipHop,Sad
S0028,U045,2025-04-03T18:15:34.000Z,94,Perform party civil threat,Laurie Alvarez,Rock,Sad
S0049,U026,2025-04-10T22:16:28.000Z,101,Rich,Marisa Wade,Rock,Energetic
S0010,U046,2025-04-09T16:51:30.000Z,127,Page,Deborah Obrien,Classical,Happy
S0030,U065,2025-04-08T08:40:41.000Z,101,Create window,Richard Rivera,Pop,Sad
S0018,U029,2025-03-30T00:46:58.000Z,255,Project board process,Jerry Dyer,Classical,Sad
S0049,U066,2025-04-09T02:45:47.000Z,59,Rich,Marisa Wade,Rock,Energetic
S0022,U069,2025-04-10T20:13:03.000Z,180,Identify class,Kelly Vargas,Classical,Sad
S0010,U051,2025-03-28T12:32:57.000Z,275,Page,Deborah Obrien,Classical,Happy
S0008,U069,2025-04-05T17:03:26.000Z,192,Decade anything woman,Nicholas Patterson,Jazz,Energetic
S0027,U042,2025-03-28T10:44:23.000Z,232,Reach,Richard Jensen,Classical,Happy
S0031,U047,2025-04-09T06:36:42.000Z,247,Work bill,John Henderson,Classical,Happy
S0004,U011,2025-04-04T09:57:49.000Z,237,Doctor notice the,Peter Hernandez,Jazz,Chill
S0040,U007,2025-04-06T16:36:28.000Z,129,Subject ever,Paula Roberts,Rock,Energetic
S0028,U099,2025-03-30T07:00:59.000Z,80,Perform party civil threat,Laurie Alvarez,Rock,Sad
S0024,U020,2025-04-10T10:45:08.000Z,200,Middle know six,Sean Brandt DDS,Pop,Energetic
S0015,U010,2025-04-06T19:35:10.000Z,134,Foreign somebody road,Bryan Butler,Rock,Chill
S0028,U038,2025-04-10T06:13:33.000Z,125,Perform party civil threat,Laurie Alvarez,Rock,Sad
S0023,U021,2025-04-07T04:39:16.000Z,139,Success to anyone be,Edward Campbell,Pop,Sad
S0027,U050,2025-04-02T22:37:30.000Z,170,Reach,Richard Jensen,Classical,Happy
S0012,U091,2025-04-04T22:39:16.000Z,160,Suffer letter,Catherine Davis,Classical,Happy
S0049,U093,2025-04-02T19:34:52.000Z,182,Rich,Marisa Wade,Rock,Energetic
S0027,U068,2025-04-04T01:57:41.000Z,201,Reach,Richard Jensen,Classical,Happy
S0017,U090,2025-04-03T20:41:07.000Z,41,Such bed,Mackenzie Morrow,Classical,Sad
S0043,U083,2025-04-06T12:31:31.000Z,159,Foreign maintain,Rodney Rodriguez,Classical,Happy
S0038,U028,2025-04-09T14:59:49.000Z,103,Small who,Jacqueline Leach,HipHop,Chill
S0002,U031,2025-04-03T23:43:58.000Z,124,Into,Jessica Finley,HipHop,Sad
S0050,U080,2025-04-10T12:40:12.000Z,172,Congress left,Kristy Yang,Pop,Chill
S0001,U045,2025-04-09T21:01:34.000Z,268,Democrat really,Kevin Yu,Pop,Energetic
S0035,U076,2025-04-05T18:51:25.000Z,44,Nor TV,Aaron Nguyen,Jazz,Happy
S0019,U003,2025-03-30T12:32:07.000Z,233,Record book,Cheryl Reeves,HipHop,Sad
S0013,U061,2025-04-05T11:33:01.000Z,105,Laugh believe although,Edward Hill,Jazz,Energetic
S0017,U080,2025-03-29T14:51:51.000Z,259,Such bed,Mackenzie Morrow,Classical,Sad
S0010,U096,2025-04-07T16:16:10.000Z,65,Page,Deborah Obrien,Classical,Happy
S0015,U032,2025-03-31T09:37:07.000Z,164,Foreign somebody road,Bryan Butler,Rock,Chill
S0038,U029,2025-03-30T17:12:48.000Z,267,Small who,Jacqueline Leach,HipHop,Chill
S0013,U023,2025-04-10T10:06:28.000Z,260,Laugh believe although,Edward Hill,Jazz,Energetic
S0006,U019,2025-04-09T01:04:54.000Z,201,Tend too cell,Jacqueline Gray,Pop,Sad
S0015,U045,2025-03-30T17:10:47.000Z,291,Foreign somebody road,Bryan Butler,Rock,Chill
S0026,U007,2025-03-31T04:49:30.000Z,276,Real every,James Cruz,Pop,Chill
S0035,U100,2025-03-30T18:18:58.000Z,117,Nor TV,Aaron Nguyen,Jazz,Happy
S0022,U024,2025-04-01T02:50:30.000Z,40,Identify class,Kelly Vargas,Classical,Sad
S0015,U066,2025-03-29T06:01:45.000Z,30,Foreign somebody road,Bryan Butler,Rock,Chill
S0009,U021,2025-03-31T13:30:55.000Z,299,Its particularly admit provide,Steve Martinez,Classical,Chill
S0010,U036,2025-03-29T03:36:20.000Z,33,Page,Deborah Obrien,Classical,Happy
S0010,U010,2025-04-08T01:35:30.000Z,203,Page,Deborah Obrien,Classical,Happy
S0049,U074,2025-04-09T06:01:00.000Z,280,Rich,Marisa Wade,Rock,Energetic
S0017,U010,2025-04-02T07:17:42.000Z,121,Such bed,Mackenzie Morrow,Classical,Sad
S0039,U013,2025-03-30T12:54:19.000Z,177,Kid agency,Anna Johnson,Jazz,Sad
S0015,U005,2025-04-06T17:17:01.000Z,69,Foreign somebody road,Bryan Butler,Rock,Chill
S0042,U064,2025-03-30T18:39:43.000Z,48,Suggest law,Scott Johns,HipHop,Energetic
S0020,U067,2025-04-05T17:51:48.000Z,295,Two imagine must,Susan Lang,Rock,Happy
S0029,U068,2025-04-05T22:38:58.000Z,126,Seem less,Jared Williamson,HipHop,Sad
S0047,U048,2025-03-31T13:20:12.000Z,188,Serve rich expert,Collin Luna,Pop,Happy
S0042,U028,2025-04-08T06:53:32.000Z,148,Suggest law,Scott Johns,HipHop,Energetic
S0020,U022,2025-04-01T14:20:28.000Z,135,Two imagine must,Susan Lang,Rock,Happy
S0006,U057,2025-03-29T16:37:20.000Z,283,Tend too cell,Jacqueline Gray,Pop,Sad
S0008,U040,2025-03-28T12:13:21.000Z,96,Decade anything woman,Nicholas Patterson,Jazz,Energetic
S0037,U093,2025-04-07T10:15:17.000Z,87,Yet crime,Brandon Farley,Classical,Energetic
S0021,U080,2025-04-04T17:29:00.000Z,214,Country special law,Heidi Davis,Pop,Energetic
S0023,U100,2025-04-09T05:22:21.000Z,287,Success to anyone be,Edward Campbell,Pop,Sad
S0031,U023,2025-04-08T21:26:53.000Z,150,Work bill,John Henderson,Classical,Happy
S0028,U030,2025-03-28T10:03:39.000Z,170,Perform party civil threat,Laurie Alvarez,Rock,Sad
S0042,U038,2025-03-30T13:40:08.000Z,207,Suggest law,Scott Johns,HipHop,Energetic
S0049,U047,2025-04-07T17:04:31.000Z,140,Rich,Marisa Wade,Rock,Energetic
S0012,U089,2025-04-06T21:31:09.000Z,251,Suffer letter,Catherine Davis,Classical,Happy
S0003,U065,2025-04-06T04:22:02.000Z,217,While account,Wendy Mendez,Jazz,Happy
S0026,U085,2025-04-03T16:07:40.000Z,188,Real every,James Cruz,Pop,Chill
S0048,U061,2025-04-04T09:26:39.000Z,133,Author them wrong challenge,Juan Fox,Rock,Energetic
S0021,U023,2025-04-09T23:15:58.000Z,173,Country special law,Heidi Davis,Pop,Energetic
S0039,U064,2025-03-29T02:27:14.000Z,107,Kid agency,Anna Johnson,Jazz,Sad
S0042,U032,2025-03-29T14:35:12.000Z,152,Suggest law,Scott Johns,HipHop,Energetic
S0033,U085,2025-03-30T05:11:27.000Z,130,Or part idea,Mrs. Kelli Mcfarland,HipHop,Energetic
S0003,U092,2025-04-01T17:09:56.000Z,40,While account,Wendy Mendez,Jazz,Happy
S0049,U035,2025-04-04T10:48:40.000Z,48,Rich,Marisa Wade,Rock,Energetic
S0016,U093,2025-03-28T19:17:11.000Z,57,Structure reveal former,Jeffrey Wolfe,Pop,Energetic
S0047,U067,2025-04-09T12:34:41.000Z,225,Serve rich expert,Collin Luna,Pop,Happy
S0026,U072,2025-04-04T23:35:50.000Z,113,Real every,James Cruz,Pop,Chill
S0047,U074,2025-04-02T19:21:53.000Z,40,Serve rich expert,Collin Luna,Pop,Happy
S0041,U064,2025-03-30T15:05:54.000Z,183,Now brother,Kenneth Morrison,HipHop,Energetic
S0006,U024,2025-04-06T03:09:40.000Z,100,Tend too cell,Jacqueline Gray,Pop,Sad
S0017,U074,2025-04-08T15:35:06.000Z,179,Such bed,Mackenzie Morrow,Classical,Sad
S0012,U094,2025-04-03T02:23:33.000Z,134,Suffer letter,Catherine Davis,Classical,Happy
S0043,U095,2025-04-10T16:31:57.000Z,198,Foreign maintain,Rodney Rodriguez,Classical,Happy
S0049,U097,2025-04-09T06:38:48.000Z,62,Rich,Marisa Wade,Rock,Energetic
S0011,U051,2025-03-31T01:27:32.000Z,78,Play coach,Susan Jones,Pop,Happy
S0047,U083,2025-03-30T16:36:38.000Z,251,Serve rich expert,Collin Luna,Pop,Happy
S0006,U062,2025-03-28T09:56:04.000Z,186,Tend too cell,Jacqueline Gray,Pop,Sad
S0035,U100,2025-04-06T07:26:08.000Z,48,Nor TV,Aaron Nguyen,Jazz,Happy
S0038,U084,2025-04-06T00:34:28.000Z,198,Small who,Jacqueline Leach,HipHop,Chill
S0041,U070,2025-04-06T09:48:21.000Z,214,Now brother,Kenneth Morrison,HipHop,Energetic
S0045,U074,2025-04-03T16:59:57.000Z,290,Official young,Jeremy Mcfarland,Pop,Energetic
S0022,U086,2025-04-07T11:32:10.000Z,49,Identify class,Kelly Vargas,Classical,Sad
S0048,U068,2025-04-09T14:16:46.000Z,59,Author them wrong challenge,Juan Fox,Rock,Energetic
S0011,U056,2025-04-04T00:24:41.000Z,44,Play coach,Susan Jones,Pop,Happy
S0038,U068,2025-03-31T09:34:30.000Z,101,Small who,Jacqueline Leach,HipHop,Chill
S0034,U089,2025-04-08T21:47:06.000Z,295,City cut this,Robert Holmes,Classical,Energetic
S0009,U014,2025-04-02T17:06:24.000Z,90,Its particularly admit provide,Steve Martinez,Classical,Chill
S0017,U042,2025-03-28T09:08:57.000Z,33,Such bed,Mackenzie Morrow,Classical,Sad
S0003,U045,2025-04-09T02:12:25.000Z,40,While account,Wendy Mendez,Jazz,Happy
S0039,U068,2025-03-28T10:46:07.000Z,242,Kid agency,Anna Johnson,Jazz,Sad
S0009,U042,2025-03-29T11:18:13.000Z,155,Its particularly admit provide,Steve Martinez,Classical,Chill
S0001,U079,2025-03-28T16:01:50.000Z,97,Democrat really,Kevin Yu,Pop,Energetic
S0008,U060,2025-03-30T23:03:01.000Z,248,Decade anything woman,Nicholas Patterson,Jazz,Energetic
S0018,U013,2025-04-09T09:46:01.000Z,277,Project board process,Jerry Dyer,Classical,Sad
S0001,U090,2025-04-02T17:02:25.000Z,210,Democrat really,Kevin Yu,Pop,Energetic
S0033,U004,2025-04-10T15:26:36.000Z,191,Or part idea,Mrs. Kelli Mcfarland,HipHop,Energetic
S0020,U058,2025-04-09T10:07:15.000Z,118,Two imagine must,Susan Lang,Rock,Happy
S0034,U076,2025-03-29T12:38:19.000Z,161,City cut this,Robert Holmes,Classical,Energetic
S0025,U070,2025-04-06T02:48:38.000Z,207,Husband professor through,Debra Rodriguez,Pop,Sad
S0041,U021,2025-03-29T17:35:18.000Z,279,Now brother,Kenneth Morrison,HipHop,Energetic
S0029,U064,2025-04-09T20:59:38.000Z,300,Seem less,Jared Williamson,HipHop,Sad
S0023,U024,2025-04-09T21:33:41.000Z,189,Success to anyone be,Edward Campbell,Pop,Sad
S0003,U036,2025-03-29T01:09:49.000Z,238,While account,Wendy Mendez,Jazz,Happy
S0001,U095,2025-04-08T08:43:44.000Z,206,Democrat really,Kevin Yu,Pop,Energetic
S0022,U055,2025-04-03T19:39:09.000Z,269,Identify class,Kelly Vargas,Classical,Sad
S0025,U004,2025-03-29T00:41:44.000Z,68,Husband professor through,Debra Rodriguez,Pop,Sad
S0003,U080,2025-04-05T03:11:06.000Z,281,While account,Wendy Mendez,Jazz,Happy
S0009,U088,2025-04-05T13:15:45.000Z,199,Its particularly admit provide,Steve Martinez,Classical,Chill
S0020,U010,2025-03-29T14:07:27.000Z,56,Two imagine must,Susan Lang,Rock,Happy
S0044,U091,2025-03-30T05:48:35.000Z,280,Bill,Natalie Miller,Rock,Chill
S0002,U100,2025-04-10T23:20:27.000Z,67,Into,Jessica Finley,HipHop,Sad
S0015,U038,2025-04-05T14:52:28.000Z,98,Foreign somebody road,Bryan Butler,Rock,Chill
S0006,U028,2025-04-03T06:28:12.000Z,64,Tend too cell,Jacqueline Gray,Pop,Sad
S0004,U076,2025-04-05T19:25:51.000Z,64,Doctor notice the,Peter Hernandez,Jazz,Chill
S0049,U013,2025-04-02T15:23:49.000Z,256,Rich,Marisa Wade,Rock,Energetic
S0033,U088,2025-03-31T18:22:11.000Z,167,Or part idea,Mrs. Kelli Mcfarland,HipHop,Energetic
S0005,U022,2025-04-06T21:26:13.000Z,251,Particular just material,Beverly Adams,Jazz,Sad
S0016,U099,2025-04-08T01:39:50.000Z,238,Structure reveal former,Jeffrey Wolfe,Pop,Energetic
S0033,U011,2025-04-09T20:18:22.000Z,61,Or part idea,Mrs. Kelli Mcfarland,HipHop,Energetic
S0041,U049,2025-03-29T13:01:22.000Z,226,Now brother,Kenneth Morrison,HipHop,Energetic
S0016,U057,2025-04-10T10:09:03.000Z,65,Structure reveal former,Jeffrey Wolfe,Pop,Energetic
S0047,U074,2025-04-08T14:42:52.000Z,258,Serve rich expert,Collin Luna,Pop,Happy
S0016,U025,2025-04-03T16:53:35.000Z,168,Structure reveal former,Jeffrey Wolfe,Pop,Energetic
S0048,U083,2025-03-30T00:12:32.000Z,180,Author them wrong challenge,Juan Fox,Rock,Energetic
S0003,U013,2025-04-07T16:20:08.000Z,47,While account,Wendy Mendez,Jazz,Happy
S0005,U002,2025-04-01T03:48:25.000Z,73,Particular just material,Beverly Adams,Jazz,Sad
S0022,U042,2025-03-30T03:20:25.000Z,189,Identify class,Kelly Vargas,Classical,Sad
S0010,U044,2025-03-28T07:30:07.000Z,274,Page,Deborah Obrien,Classical,Happy
S0039,U045,2025-04-10T21:48:29.000Z,213,Kid agency,Anna Johnson,Jazz,Sad
S0010,U031,2025-04-03T08:49:14.000Z,113,Page,Deborah Obrien,Classical,Happy
S0048,U007,2025-04-08T03:34:23.000Z,54,Author them wrong challenge,Juan Fox,Rock,Energetic
S0016,U038,2025-04-08T23:36:16.000Z,191,Structure reveal former,Jeffrey Wolfe,Pop,Energetic
S0022,U038,2025-04-07T14:58:10.000Z,187,Identify class,Kelly Vargas,Classical,Sad
S0023,U074,2025-04-05T17:34:29.000Z,70,Success to anyone be,Edward Campbell,Pop,Sad
S0049,U001,2025-04-08T21:46:56.000Z,123,Rich,Marisa Wade,Rock,Energetic
S0023,U078,2025-04-06T01:01:32.000Z,107,Success to anyone be,Edward Campbell,Pop,Sad
S0031,U004,2025-04-01T02:05:14.000Z,181,Work bill,John Henderson,Classical,Happy
S0037,U041,2025-04-09T01:39:25.000Z,35,Yet crime,Brandon Farley,Classical,Energetic
S0014,U010,2025-03-31T05:00:36.000Z,41,Woman section,Taylor Gray,Pop,Energetic
S0005,U002,2025-04-03T12:11:44.000Z,238,Particular just material,Beverly Adams,Jazz,Sad
S0035,U087,2025-03-31T08:39:26.000Z,40,Nor TV,Aaron Nguyen,Jazz,Happy
S0031,U080,2025-04-02T06:01:47.000Z,277,Work bill,John Henderson,Classical,Happy
