song_id,title,artist,genre,mood
S0001,Democrat really,Kevin Yu,Pop,Energetic
S0002,Into,Jessica Finley,HipHop,Sad
S0003,While account,Wendy Mendez,Jazz,Happy
S0004,Doctor notice the,Peter Hernandez,Jazz,Chill
S0005,Particular just material,Beverly Adams,Jazz,Sad
S0006,Tend too cell,Jacqueline Gray,Pop,Sad
S0007,Could bring official,Monica Butler,Rock,Chill
S0008,Decade anything woman,Nicholas Patterson,Jazz,Energetic
S0009,Its particularly admit provide,Steve Martinez,Classical,Chill
S0010,Page,Deborah Obrien,Classical,Happy
S0011,Play coach,Susan Jones,Pop,Happy
S0012,Suffer letter,Catherine Davis,Classical,Happy
S0013,Laugh believe although,Edward Hill,Jazz,Energetic
S0014,Woman section,Taylor Gray,Pop,Energetic
S0015,Foreign somebody road,Bryan Butler,Rock,Chill
S0016,Structure reveal former,Jeffrey Wolfe,Pop,Energetic
S0017,Such bed,Mackenzie Morrow,Classical,Sad
S0018,Project board process,Jerry Dyer,Classical,Sad
S0019,Record book,Cheryl Reeves,HipHop,Sad
S0020,Two imagine must,Susan Lang,Rock,Happy
S0021,Country special law,Heidi Davis,Pop,Energetic
S0022,Identify class,Kelly Vargas,Classical,Sad
S0023,Success to anyone be,Edward Campbell,Pop,Sad
S0024,Middle know six,Sean Brandt DDS,Pop,Energetic
S0025,Husband professor through,Debra Rodriguez,Pop,Sad
S0026,Real every,James Cruz,Pop,Chill
S0027,Reach,Richard Jensen,Classical,Happy
S0028,Perform party civil threat,Laurie Alvarez,Rock,Sad
S0029,Seem less,Jared Williamson,HipHop,Sad
S0030,Create window,Richard Rivera,Pop,Sad
S0031,Work bill,John Henderson,Classical,Happy
S0032,Its push everybody,Anthony Perry,Pop,Energetic
S0033,Or part idea,Mrs. Kelli Mcfarland,HipHop,Energetic
S0034,City cut this,Robert Holmes,Classical,Energetic
S0035,Nor TV,Aaron Nguyen,Jazz,Happy
S0036,Rise rather even,Angela Hayden,HipHop,Sad
S0037,Yet crime,Brandon Farley,Classical,Energetic
S0038,Small who,Jacqueline Leach,HipHop,Chill
S0039,Kid agency,Anna Johnson,Jazz,Sad
S0040,Subject ever,Paula Roberts,Rock,Energetic
S0041,Now brother,Kenneth Morrison,HipHop,Energetic
S0042,Suggest law,Scott Johns,HipHop,Energetic
S0043,Foreign maintain,Rodney Rodriguez,Classical,Happy
S0044,Bill,Natalie Miller,Rock,Chill
S0045,Official young,Jeremy Mcfarland,Pop,Energetic
S0046,Exist heavy,Angela Chandler,Classical,Happy
S0047,Serve rich expert,Collin Luna,Pop,Happy
S0048,Author them wrong challenge,Juan Fox,Rock,Energetic
S0049,Rich,Marisa Wade,Rock,Energetic
S0050,Congress left,Kristy Yang,Pop,Chill
